Species,Modality,File Name,Dice,Time (s)
eucalyptus,rgb1,57.0_24725.0_4047.0.png,0.9614988117587474,2.095928098075092
eucalyptus,rgb1,57.0_24725.0_4049.0.png,0.9660645991598522,2.0707516060210764
eucalyptus,rgb1,57.0_24736.0_4047.0.png,0.9679261989906016,2.056818029843271
eucalyptus,rgb1,57.0_24736.0_4048.0.png,0.9683482234797626,2.0523489210754633
eucalyptus,rgb1,57.0_24738.0_4047.0.png,0.9809685928107346,2.0049338997341692
eucalyptus,rgb1,57.0_24738.0_4048.0.png,0.9818703271007998,1.9497481267899275
eucalyptus,rgb1,57.0_24739.0_4047.0.png,0.9474026351715198,1.9157294360920787
eucalyptus,rgb1,57.0_24739.0_4048.0.png,0.9447496552573741,1.9193682158365846
eucalyptus,rgb1,57.0_24742.0_4047.0.png,0.9452717566882581,1.9060656847432256
eucalyptus,rgb1,57.0_24742.0_4048.0.png,0.9574942377346765,1.889651379082352
eucalyptus,rgb1,57.0_24748.0_4047.0.png,0.9250620241027266,1.954132576007396
eucalyptus,rgb1,57.0_24748.0_4048.0.png,0.9229533778053031,1.881841633003205
eucalyptus,rgb1,57.0_24749.0_4047.0.png,0.6924829164180344,1.879202822688967
eucalyptus,rgb1,57.0_24749.0_4048.0.png,0.7680000003093334,1.8994317413307726
eucalyptus,rgb1,57.0_24750.0_4047.0.png,0.9478848082589421,1.9409495210275054
eucalyptus,rgb1,57.0_24750.0_4048.0.png,0.9504401594259452,1.8866917719133198
eucalyptus,rgb1,57.0_24753.0_4047.0.png,0.9419799643334731,1.8888393016532063
eucalyptus,rgb1,57.0_24753.0_4048.0.png,0.9504829633144057,1.8882651166059077
eucalyptus,rgb1,57.0_24764.0_4047.0.png,0.9734607131630743,1.9092533811926842
eucalyptus,rgb1,57.0_24764.0_4048.0.png,0.9714074768427885,1.9403593940660357
eucalyptus,rgb1,57.0_24765.0_4047.0.png,0.9539835702180598,1.9507525260560215
eucalyptus,rgb1,57.0_24765.0_4048.0.png,0.9520670154537632,1.9545852527953684
eucalyptus,rgb1,57.0_24771.0_4047.0.png,0.9607806385431279,1.9596366323530674
eucalyptus,rgb1,57.0_24771.0_4048.0.png,0.9618917306950592,1.9394294549711049
eucalyptus,rgb1,57.0_24772.0_4047.0.png,0.9706774626042465,1.9775763410143554
eucalyptus,rgb1,57.0_24772.0_4048.0.png,0.9718373613876102,1.9438726757653058
eucalyptus,rgb1,57.0_24774.0_4047.0.png,0.9674774328221234,1.9634350230917335
eucalyptus,rgb1,57.0_24774.0_4048.0.png,0.9662778221441055,1.9745838129892945
eucalyptus,rgb1,57.0_24777.0_4047.0.png,0.9499852897913875,1.954531448893249
eucalyptus,rgb1,57.0_24777.0_4048.0.png,0.9617313475966156,1.940599637106061
eucalyptus,rgb1,57.0_24778.0_4047.0.png,0.9656676558680095,1.9919103337451816
eucalyptus,rgb1,57.0_24778.0_4048.0.png,0.9678063935153901,1.9567472976632416
eucalyptus,rgb1,57.0_24779.0_4047.0.png,0.9804094419115383,1.9158775629475713
eucalyptus,rgb1,57.0_24779.0_4048.0.png,0.9783077849490397,1.9443454490974545
eucalyptus,rgb1,57.0_24783.0_4047.0.png,0.9784460618130232,1.8870411799289286
eucalyptus,rgb1,57.0_24783.0_4048.0.png,0.9774107586078765,1.9073788938112557
eucalyptus,rgb1,57.0_24784.0_4047.0.png,0.9681507914181319,1.9060658309608698
eucalyptus,rgb1,57.0_24784.0_4048.0.png,0.9648611463607794,1.9062171061523259
eucalyptus,rgb1,57.0_24796.0_4047.0.png,0.9568012695258508,1.9731240929104388
eucalyptus,rgb1,57.0_24796.0_4048.0.png,0.9509774522188499,1.8984291921369731
eucalyptus,rgb1,57.0_24797.0_4047.0.png,0.9636186169316969,1.8986449902877212
eucalyptus,rgb1,57.0_24797.0_4048.0.png,0.9475724236683326,1.9162674685940146
eucalyptus,rgb1,57.0_24799.0_4047.0.png,0.9023424732163504,1.9525988143868744
eucalyptus,rgb1,57.0_24799.0_4048.0.png,0.9103873507232066,1.9321771408431232
eucalyptus,rgb1,57.0_24801.0_4047.0.png,0.9208855888086124,1.9068417367525399
eucalyptus,rgb1,57.0_24801.0_4048.0.png,0.923381961130418,1.897518769837916
eucalyptus,rgb1,57.0_24806.0_4047.0.png,0.9669000461978258,1.9049923797138035
eucalyptus,rgb1,57.0_24806.0_4048.0.png,0.9658167623229805,1.939833405893296
eucalyptus,rgb1,57.0_24808.0_4047.0.png,0.9515013027992926,1.9042034591548145
eucalyptus,rgb1,57.0_24808.0_4048.0.png,0.9517758665922095,1.9518969361670315
eucalyptus,rgb1,57.0_24809.0_4047.0.png,0.9597585454461877,1.9833661769516766
eucalyptus,rgb1,57.0_24809.0_4048.0.png,0.9558778060280421,1.9543385622091591
eucalyptus,rgb1,57.0_24818.0_4047.0.png,0.9726984380755219,1.9501922721974552
eucalyptus,rgb1,57.0_24818.0_4048.0.png,0.9737051714232111,1.934988907072693
eucalyptus,rgb1,57.0_24820.0_4047.0.png,0.9287544848806901,1.9399688318371773
eucalyptus,rgb1,57.0_24820.0_4048.0.png,0.915558297031297,1.8967066728509963
eucalyptus,rgb1,57.0_24824.0_4047.0.png,0.978402757720235,1.9084971761330962
eucalyptus,rgb1,57.0_24824.0_4048.0.png,0.9736950703670163,1.9156812792643905
eucalyptus,rgb1,57.0_24831.0_4047.0.png,0.9597421967187929,1.8830936630256474
eucalyptus,rgb1,57.0_24831.0_4048.0.png,0.953542827408563,1.887711975723505
eucalyptus,rgb1,57.0_24832.0_4047.0.png,0.9585088378376853,1.8885393096134067
eucalyptus,rgb1,57.0_24832.0_4048.0.png,0.9496271008342084,1.905199601314962
eucalyptus,rgb1,57.0_24834.0_4047.0.png,0.944852491125266,1.9548891419544816
eucalyptus,rgb1,57.0_24834.0_4048.0.png,0.9476521402837887,1.9502331991679966
eucalyptus,rgb1,57.0_24837.0_4047.0.png,0.9330759124042844,1.9690866959281266
eucalyptus,rgb1,57.0_24837.0_4048.0.png,0.9336065334463992,1.9707255950197577
eucalyptus,rgb1,57.0_24843.0_4047.0.png,0.9699560268230941,1.9337322488427162
eucalyptus,rgb1,57.0_24843.0_4048.0.png,0.9678469187886664,1.9414880126714706
eucalyptus,rgb1,57.0_24846.0_4047.0.png,0.9374551036677846,1.9674435891211033
eucalyptus,rgb1,57.0_24846.0_4048.0.png,0.9493912943137353,1.9389017829671502
eucalyptus,rgb1,57.0_24852.0_4047.0.png,0.9619315073885724,1.9036587458103895
eucalyptus,rgb1,57.0_24852.0_4048.0.png,0.9678401895001465,1.9276682832278311
eucalyptus,rgb1,57.0_24853.0_4047.0.png,7.092198531261003e-09,1.9117890894412994
eucalyptus,rgb1,57.0_24853.0_4048.0.png,6.944444396219136e-09,1.9165488788858056
eucalyptus,rgb1,57.0_24856.0_4047.0.png,0.9540913873467403,1.9038265841081738
eucalyptus,rgb1,57.0_24856.0_4048.0.png,0.9534852100691346,1.9240211066789925
eucalyptus,rgb1,57.0_24858.0_4047.0.png,0.9625856796373246,1.9140213788487017
eucalyptus,rgb1,57.0_24858.0_4048.0.png,0.9634004258567993,1.9063895591534674
eucalyptus,rgb1,57.0_24870.0_4047.0.png,0.9240836134385313,1.8891719449311495
eucalyptus,rgb1,57.0_24870.0_4048.0.png,0.9295754238526363,1.9285187809728086
eucalyptus,rgb1,57.0_24878.0_4047.0.png,0.9464930031643639,1.921300482004881
eucalyptus,rgb1,57.0_24878.0_4048.0.png,0.9488225439309916,1.9232123270630836
eucalyptus,rgb1,57.0_24881.0_4047.0.png,0.9307709031428809,1.911235922947526
eucalyptus,rgb1,57.0_24881.0_4048.0.png,0.9363327534588107,1.9268646617420018
eucalyptus,rgb1,57.0_24893.0_4047.0.png,0.9651291510911166,1.9118007300421596
eucalyptus,rgb1,57.0_24893.0_4048.0.png,0.972997968502116,1.9724079039879143
eucalyptus,rgb1,57.0_24899.0_4047.0.png,0.963218390804697,1.9715758706443012
eucalyptus,rgb1,57.0_24899.0_4048.0.png,0.9653660849145775,1.9458281765691936
eucalyptus,rgb1,57.0_24904.0_4047.0.png,0.9665612723963453,1.9089462622068822
eucalyptus,rgb1,57.0_24904.0_4048.0.png,0.9564239112894599,1.9434273592196405
eucalyptus,rgb1,57.0_24905.0_4047.0.png,0.9817300714461945,2.0282376939430833
eucalyptus,rgb1,57.0_24905.0_4048.0.png,0.9841929369513562,1.950025585014373
eucalyptus,rgb1,57.0_24906.0_4047.0.png,0.9389610806303496,1.9076330782845616
eucalyptus,rgb1,57.0_24906.0_4048.0.png,0.9516797175648583,1.911827600095421
eucalyptus,rgb1,57.0_24915.0_4047.0.png,0.9384717376474647,1.8908529817126691
eucalyptus,rgb1,57.0_24915.0_4048.0.png,0.9316093163565382,1.9755724971182644
eucalyptus,rgb1,57.0_24920.0_4047.0.png,0.9532486324219093,1.9045708090998232
eucalyptus,rgb1,57.0_24920.0_4048.0.png,0.9575480041944571,1.9142997842282057
eucalyptus,rgb1,57.0_24923.0_4047.0.png,0.9508755185711967,1.8881202251650393
eucalyptus,rgb1,57.0_24923.0_4048.0.png,0.9511947189870571,1.9177358006127179
sorghum,rgb1,46.0_23707.0_2233.0.png,0.9166054757188501,1.9109838539734483
sorghum,rgb1,46.0_23707.0_2243.0.png,0.9647859882281754,1.9112055539153516
sorghum,rgb1,46.0_23707.0_2256.0.png,0.9723975906458121,1.8937566219829023
sorghum,rgb1,46.0_23707.0_2282.0.png,0.9842259129912861,1.896801427938044
sorghum,rgb1,46.0_23707.0_2305.0.png,0.989666135085019,1.9019775642082095
sorghum,rgb1,46.0_23707.0_2362.0.png,0.9806385737813117,1.9229172868654132
sorghum,rgb1,46.0_23707.0_2392.0.png,0.9818363671795295,1.8715924341231585
sorghum,rgb1,46.0_23707.0_2422.0.png,0.9845518220789268,1.866344632115215
sorghum,rgb1,46.0_23707.0_2505.0.png,0.9880835698033733,1.8872313131578267
sorghum,rgb1,46.0_23707.0_2555.0.png,0.9859359869313015,1.8865437619388103
sorghum,rgb1,46.0_23708.0_2233.0.png,0.9405861314289977,1.9692266369238496
sorghum,rgb1,46.0_23708.0_2243.0.png,0.9611657386570174,1.8948019770905375
sorghum,rgb1,46.0_23708.0_2256.0.png,0.9693308723457252,1.8961782190017402
sorghum,rgb1,46.0_23708.0_2282.0.png,0.9826937487046564,1.9356261361390352
sorghum,rgb1,46.0_23708.0_2305.0.png,0.9851630668417373,2.0371939269825816
sorghum,rgb1,46.0_23708.0_2362.0.png,0.9874146725838223,1.9101601047441363
sorghum,rgb1,46.0_23708.0_2392.0.png,0.9860354173320135,1.9172125398181379
sorghum,rgb1,46.0_23708.0_2422.0.png,0.989065358197618,1.9201524280942976
sorghum,rgb1,46.0_23708.0_2505.0.png,0.9844215927385523,1.9402714190073311
sorghum,rgb1,46.0_23708.0_2555.0.png,0.9687449582068903,2.0003513051196933
sorghum,rgb1,46.0_23709.0_2233.0.png,0.9386054346407817,1.9689789079129696
sorghum,rgb1,46.0_23709.0_2243.0.png,0.966170329819297,1.931880152784288
sorghum,rgb1,46.0_23709.0_2256.0.png,0.9802044355962239,1.9153556879609823
sorghum,rgb1,46.0_23709.0_2282.0.png,0.9860953618474779,1.8997671543620527
sorghum,rgb1,46.0_23709.0_2305.0.png,0.9889849422989415,1.9614979131147265
sorghum,rgb1,46.0_23709.0_2362.0.png,0.9895462794583402,1.8789529991336167
sorghum,rgb1,46.0_23709.0_2392.0.png,0.9901744137208939,1.8651091330684721
sorghum,rgb1,46.0_23709.0_2422.0.png,0.9910260440053917,1.8945771809667349
sorghum,rgb1,46.0_23709.0_2505.0.png,0.9898981253656816,1.882369749713689
sorghum,rgb1,46.0_23709.0_2555.0.png,0.9862519860201352,1.9259470338001847
sorghum,rgb1,46.0_23710.0_2233.0.png,0.9338000987418069,1.9065621006302536
sorghum,rgb1,46.0_23710.0_2243.0.png,0.9721370727916441,1.8984486907720566
sorghum,rgb1,46.0_23710.0_2256.0.png,0.9775633177290718,1.8977753380313516
sorghum,rgb1,46.0_23710.0_2282.0.png,0.988628181471036,1.9563433462753892
sorghum,rgb1,46.0_23710.0_2305.0.png,0.9895747856108791,1.9718148382380605
sorghum,rgb1,46.0_23710.0_2362.0.png,0.9839639531087008,1.9550751470960677
sorghum,rgb1,46.0_23710.0_2392.0.png,0.9851303910770507,1.9153755749575794
sorghum,rgb1,46.0_23710.0_2422.0.png,0.9779788163896848,1.9124986552633345
sorghum,rgb1,46.0_23710.0_2505.0.png,0.979459663677739,1.9393796920776367
sorghum,rgb1,46.0_23710.0_2555.0.png,0.9860195772095823,1.9329449939541519
sorghum,rgb1,46.0_23711.0_2233.0.png,0.9286171165454383,1.9459594120271504
sorghum,rgb1,46.0_23711.0_2243.0.png,0.9505112779163234,1.943115804810077
sorghum,rgb1,46.0_23711.0_2256.0.png,0.9775693995963531,1.966849850025028
sorghum,rgb1,46.0_23711.0_2282.0.png,0.981993174705562,2.01846804888919
sorghum,rgb1,46.0_23711.0_2305.0.png,0.9830827317743135,1.8807666166685522
sorghum,rgb1,46.0_23711.0_2362.0.png,0.986632606340075,1.879859141074121
sorghum,rgb1,46.0_23711.0_2392.0.png,0.99087047874979,1.8799092159606516
sorghum,rgb1,46.0_23711.0_2422.0.png,0.9888661265198533,1.888016634620726
sorghum,rgb1,46.0_23711.0_2505.0.png,0.9836872767600028,1.925411127973348
sorghum,rgb1,46.0_23711.0_2555.0.png,0.982635109698265,1.9216336370445788
sorghum,rgb1,46.0_23712.0_2233.0.png,0.9407321934345803,1.9028544002212584
sorghum,rgb1,46.0_23712.0_2243.0.png,0.9457724733724302,1.9069279110990465
sorghum,rgb1,46.0_23712.0_2256.0.png,0.976526512170724,1.9391674981452525
sorghum,rgb1,46.0_23712.0_2282.0.png,0.9770069586537843,1.891338565852493
sorghum,rgb1,46.0_23712.0_2305.0.png,0.9808507366651732,1.9048767630010843
sorghum,rgb1,46.0_23712.0_2362.0.png,0.9848641039566071,1.909966016188264
sorghum,rgb1,46.0_23712.0_2392.0.png,0.9859288542372108,1.893615280278027
sorghum,rgb1,46.0_23712.0_2422.0.png,0.987944003492629,1.9331615921109915
sorghum,rgb1,46.0_23712.0_2505.0.png,0.985653572011,1.890573679935187
sorghum,rgb1,46.0_23712.0_2555.0.png,0.985200289361623,1.899800123181194
sorghum,rgb1,46.0_23713.0_2233.0.png,0.9634284278003411,1.8991504251025617
sorghum,rgb1,46.0_23713.0_2243.0.png,0.9769382401329687,1.8952557719312608
sorghum,rgb1,46.0_23713.0_2256.0.png,0.9836939438731268,1.8904688013717532
sorghum,rgb1,46.0_23713.0_2282.0.png,0.9863360839883624,1.8827071436680853
sorghum,rgb1,46.0_23713.0_2305.0.png,0.9876174359929111,1.8777907090261579
sorghum,rgb1,46.0_23713.0_2362.0.png,0.9885461679614597,1.9009099621325731
sorghum,rgb1,46.0_23713.0_2392.0.png,0.9887387171694559,1.8642401467077434
sorghum,rgb1,46.0_23713.0_2422.0.png,0.9869342026141764,1.964334201067686
sorghum,rgb1,46.0_23713.0_2505.0.png,0.9905827335580756,1.8922965759411454
sorghum,rgb1,46.0_23713.0_2555.0.png,0.9898606805440726,1.8892510067671537
sorghum,rgb1,46.0_23714.0_2233.0.png,0.9387466068724922,1.9044140670448542
sorghum,rgb1,46.0_23714.0_2243.0.png,0.9697446130904488,2.0209905449301004
sorghum,rgb1,46.0_23714.0_2256.0.png,0.9796910934016572,1.9524532267823815
sorghum,rgb1,46.0_23714.0_2282.0.png,0.9853906752904841,1.9192414917051792
sorghum,rgb1,46.0_23714.0_2305.0.png,0.9878080613574068,1.9190312651917338
sorghum,rgb1,46.0_23714.0_2362.0.png,0.9879926777174182,1.9237024756148458
sorghum,rgb1,46.0_23714.0_2392.0.png,0.9878756847308485,1.915017434861511
sorghum,rgb1,46.0_23714.0_2422.0.png,0.9865276867086129,1.9609871730208397
sorghum,rgb1,46.0_23714.0_2505.0.png,0.9887838829881196,1.91484185308218
sorghum,rgb1,46.0_23714.0_2555.0.png,0.9879169636273053,1.9469524761661887
sorghum,rgb1,46.0_23715.0_2233.0.png,0.948715487732389,1.9515854162164032
sorghum,rgb1,46.0_23715.0_2243.0.png,0.965748469180983,1.9392175413668156
sorghum,rgb1,46.0_23715.0_2256.0.png,0.9829988469141809,1.9069425370544195
sorghum,rgb1,46.0_23715.0_2282.0.png,0.9878555297610779,1.876263940706849
sorghum,rgb1,46.0_23715.0_2305.0.png,0.9894927918523915,1.8672097106464207
sorghum,rgb1,46.0_23715.0_2362.0.png,0.9905303648193866,1.8685365789569914
sorghum,rgb1,46.0_23715.0_2392.0.png,0.989654391398246,1.8867289470508695
sorghum,rgb1,46.0_23715.0_2422.0.png,0.9895116691642267,1.9737299750559032
sorghum,rgb1,46.0_23715.0_2505.0.png,0.9911074775612413,1.9189613610506058
sorghum,rgb1,46.0_23715.0_2555.0.png,0.9910584285171365,1.9414379294030368
sorghum,rgb1,46.0_23716.0_2233.0.png,0.9720807010404695,1.9473706260323524
sorghum,rgb1,46.0_23716.0_2243.0.png,0.958159156280764,1.9437369760125875
sorghum,rgb1,46.0_23716.0_2256.0.png,0.9768894980891888,1.9401142559945583
sorghum,rgb1,46.0_23716.0_2282.0.png,0.9805485003461228,1.897573912050575
sorghum,rgb1,46.0_23716.0_2305.0.png,0.9834149129540738,1.8831812082789838
sorghum,rgb1,46.0_23716.0_2362.0.png,0.9891033647767475,1.8850725651718676
sorghum,rgb1,46.0_23716.0_2392.0.png,0.9908001125868804,1.9322488638572395
sorghum,rgb1,46.0_23716.0_2422.0.png,0.989464974727413,1.904240005183965
sorghum,rgb1,46.0_23716.0_2505.0.png,0.9893065567935274,1.8992317062802613
sorghum,rgb1,46.0_23716.0_2555.0.png,0.987341570297324,1.906186304986477
soybean,rgb1,53.0_24396.0_3338.0.png,0.9822903168437053,1.9126804238185287
soybean,rgb1,53.0_24396.0_3348.0.png,0.9801841668567959,2.0979669368825853
soybean,rgb1,53.0_24396.0_3363.0.png,0.9879415931375956,2.204303774982691
soybean,rgb1,53.0_24396.0_3385.0.png,0.9912132218004371,2.1711414116434753
soybean,rgb1,53.0_24396.0_3393.0.png,0.9926097266785789,2.181442018132657
soybean,rgb1,53.0_24396.0_3426.0.png,0.9924034319815209,2.2717057750560343
soybean,rgb1,53.0_24396.0_3436.0.png,0.993845888234051,1.9750488167628646
soybean,rgb1,53.0_24396.0_3454.0.png,0.9923823505852137,1.9167763879522681
soybean,rgb1,53.0_24396.0_3464.0.png,0.9921752638916581,1.914681597147137
soybean,rgb1,53.0_24396.0_3482.0.png,0.9937413055372335,1.9367175321094692
soybean,rgb1,53.0_24399.0_3338.0.png,7.751937924403582e-09,2.0938770030625165
soybean,rgb1,53.0_24399.0_3348.0.png,0.8884254431893595,2.141618530265987
soybean,rgb1,53.0_24399.0_3363.0.png,0.9675442015383279,2.1397608458064497
soybean,rgb1,53.0_24399.0_3385.0.png,0.9841984789190821,2.213120361790061
soybean,rgb1,53.0_24399.0_3393.0.png,0.9848101718557742,2.576077278703451
soybean,rgb1,53.0_24399.0_3426.0.png,0.9851322358902309,2.5995293292216957
soybean,rgb1,53.0_24399.0_3436.0.png,0.9884128185102139,2.626365961972624
soybean,rgb1,53.0_24399.0_3454.0.png,0.991154952255673,2.637043861206621
soybean,rgb1,53.0_24399.0_3464.0.png,0.9858607090681988,2.652925780043006
soybean,rgb1,53.0_24399.0_3482.0.png,0.988889905524294,2.6084780590608716
soybean,rgb1,53.0_24411.0_3343.0.png,0.986949035258735,2.629895554855466
soybean,rgb1,53.0_24411.0_3353.0.png,0.9836608225401391,2.2218947429209948
soybean,rgb1,53.0_24411.0_3368.0.png,0.9890520617092412,2.205023843795061
soybean,rgb1,53.0_24411.0_3390.0.png,0.9895159966458521,2.1732587227597833
soybean,rgb1,53.0_24411.0_3393.0.png,0.9925354946581035,2.1501669120043516
soybean,rgb1,53.0_24411.0_3431.0.png,0.9870286335568081,2.2259067883715034
soybean,rgb1,53.0_24411.0_3441.0.png,0.9890577949541662,2.5430852067656815
soybean,rgb1,53.0_24411.0_3459.0.png,0.9896691398119897,2.263124388176948
soybean,rgb1,53.0_24411.0_3469.0.png,0.9859539289656017,2.321768880356103
soybean,rgb1,53.0_24411.0_3486.0.png,0.9894663592858969,2.4515554062090814
soybean,rgb1,53.0_24417.0_3343.0.png,0.9587898768564536,2.298260461073369
soybean,rgb1,53.0_24417.0_3353.0.png,0.9742975680511637,2.328700295649469
soybean,rgb1,53.0_24417.0_3368.0.png,0.9861947457030955,2.3516461607068777
soybean,rgb1,53.0_24417.0_3390.0.png,0.9921326733274238,2.3853795221075416
soybean,rgb1,53.0_24417.0_3393.0.png,0.990599999582149,2.2808758411556482
soybean,rgb1,53.0_24417.0_3431.0.png,0.9938645210291501,2.333075358066708
soybean,rgb1,53.0_24417.0_3441.0.png,0.993426918762356,2.2851470257155597
soybean,rgb1,53.0_24417.0_3459.0.png,0.9926190437414477,2.550507279112935
soybean,rgb1,53.0_24417.0_3469.0.png,0.9913308304435497,2.2111781178973615
soybean,rgb1,53.0_24417.0_3486.0.png,0.9911865882214528,2.3287801262922585
soybean,rgb1,53.0_24419.0_3343.0.png,0.9704938726150268,2.364871396217495
soybean,rgb1,53.0_24419.0_3353.0.png,0.9713634504128524,2.6164186908863485
soybean,rgb1,53.0_24419.0_3368.0.png,0.9842394775336921,2.61074081575498
soybean,rgb1,53.0_24419.0_3390.0.png,0.9923827487395539,2.6512706871144474
soybean,rgb1,53.0_24419.0_3393.0.png,0.9874555894189582,2.5892550498247147
soybean,rgb1,53.0_24419.0_3431.0.png,0.9896377152478303,2.6488111969083548
soybean,rgb1,53.0_24419.0_3441.0.png,0.9891002150393966,2.67374010104686
soybean,rgb1,53.0_24419.0_3459.0.png,0.9871020613470065,2.6616999660618603
soybean,rgb1,53.0_24419.0_3469.0.png,0.9854251831320806,3.09095531469211
soybean,rgb1,53.0_24419.0_3486.0.png,0.9882185426205347,2.6970921428874135
soybean,rgb1,53.0_24426.0_3310.0.png,1.3888888695987657e-08,3.122834750916809
soybean,rgb1,53.0_24426.0_3319.0.png,6.756756711102995e-09,2.9994574026204646
soybean,rgb1,53.0_24426.0_3338.0.png,0.959336369552727,2.8518404848873615
soybean,rgb1,53.0_24426.0_3363.0.png,0.9847963557385128,3.3307418217882514
soybean,rgb1,53.0_24426.0_3385.0.png,0.9900995049752841,2.6464988333173096
soybean,rgb1,53.0_24426.0_3414.0.png,0.9898612041862209,3.4584506689570844
soybean,rgb1,53.0_24426.0_3436.0.png,0.987549356960314,3.1224754797294736
soybean,rgb1,53.0_24426.0_3454.0.png,0.9912985934951373,3.7172578000463545
soybean,rgb1,53.0_24426.0_3474.0.png,0.9861971687138172,3.350448823068291
soybean,rgb1,53.0_24426.0_3510.0.png,0.9898646631376463,3.4521864941343665
soybean,rgb1,53.0_24438.0_3338.0.png,0.8707459608334915,3.9356111134402454
soybean,rgb1,53.0_24438.0_3348.0.png,0.985657551919013,3.334927664604038
soybean,rgb1,53.0_24438.0_3363.0.png,0.9890833902820351,3.1108550978824496
soybean,rgb1,53.0_24438.0_3385.0.png,0.9877141577835692,3.9051892729476094
soybean,rgb1,53.0_24438.0_3393.0.png,0.9865753770716296,3.217010341119021
soybean,rgb1,53.0_24438.0_3426.0.png,0.989294103940111,3.470718832220882
soybean,rgb1,53.0_24438.0_3436.0.png,0.9899559885150394,2.9798766979947686
soybean,rgb1,53.0_24438.0_3454.0.png,0.987988076399378,3.3299260470084846
soybean,rgb1,53.0_24438.0_3464.0.png,0.9919476587078659,3.5668435599654913
soybean,rgb1,53.0_24438.0_3482.0.png,0.9938900896645093,4.798767700791359
soybean,rgb1,53.0_24444.0_3343.0.png,0.968175804793173,4.168806106317788
soybean,rgb1,53.0_24444.0_3353.0.png,0.9784735267518476,3.3022433747537434
soybean,rgb1,53.0_24444.0_3368.0.png,0.9850955006793928,3.911742008756846
soybean,rgb1,53.0_24444.0_3390.0.png,0.9877888055787131,3.458841403014958
soybean,rgb1,53.0_24444.0_3393.0.png,0.9842052542693135,3.4940271410159767
soybean,rgb1,53.0_24444.0_3431.0.png,0.9894597847893566,3.4435127498582006
soybean,rgb1,53.0_24444.0_3441.0.png,0.9897245584646759,3.9220654871314764
soybean,rgb1,53.0_24444.0_3459.0.png,0.9874811960793625,3.6042070742696524
soybean,rgb1,53.0_24444.0_3469.0.png,0.9872191282775985,3.5067993588745594
soybean,rgb1,53.0_24444.0_3486.0.png,0.9895757837935601,3.6029867958277464
soybean,rgb1,53.0_24448.0_3314.0.png,6.2893081365452314e-09,3.566865189000964
soybean,rgb1,53.0_24448.0_3322.0.png,6.172839468068892e-09,4.108708552084863
soybean,rgb1,53.0_24448.0_3343.0.png,0.9670119845629289,3.655934526119381
soybean,rgb1,53.0_24448.0_3368.0.png,0.9888359875226354,4.143792486749589
soybean,rgb1,53.0_24448.0_3390.0.png,0.9882996165586603,3.778427450917661
soybean,rgb1,53.0_24448.0_3420.0.png,0.989504208748729,4.150546525605023
soybean,rgb1,53.0_24448.0_3441.0.png,0.9895855840283548,3.88124798797071
soybean,rgb1,53.0_24448.0_3459.0.png,0.9911221200966579,3.752663706894964
soybean,rgb1,53.0_24448.0_3478.0.png,0.9900986436099047,4.212509843055159
soybean,rgb1,53.0_24448.0_3510.0.png,0.9894969895087545,4.224892236292362
soybean,rgb1,53.0_24454.0_3314.0.png,1.5873015621063245e-08,3.504248824901879
soybean,rgb1,53.0_24454.0_3322.0.png,7.999999936000001e-09,3.9460824211128056
soybean,rgb1,53.0_24454.0_3343.0.png,0.9743185845693703,4.194233614951372
soybean,rgb1,53.0_24454.0_3368.0.png,0.9685681024450132,3.897548115812242
soybean,rgb1,53.0_24454.0_3390.0.png,0.9888850540451937,2.2255098880268633
soybean,rgb1,53.0_24454.0_3420.0.png,0.9921400768898156,2.043656927999109
soybean,rgb1,53.0_24454.0_3441.0.png,0.9925915013549342,2.046481729950756
soybean,rgb1,53.0_24454.0_3459.0.png,0.9896695335407435,2.0456881588324904
soybean,rgb1,53.0_24454.0_3478.0.png,0.990852887109906,2.282885221298784
soybean,rgb1,53.0_24454.0_3510.0.png,0.9904252129822211,2.0534250773489475
sorghum,rgb1-rhizo,59.0_24924.0_4059.0.png,4.701457449599691e-10,2.0052260044030845
sorghum,rgb1-rhizo,59.0_24924.0_4067.0.png,0.8783513568709099,2.039380510803312
sorghum,rgb1-rhizo,59.0_24924.0_4092.0.png,0.9645940351151637,2.0560604096390307
sorghum,rgb1-rhizo,59.0_24924.0_4111.0.png,0.9666536264770624,2.046165340114385
sorghum,rgb1-rhizo,59.0_24924.0_4139.0.png,0.979346417360878,2.136867276392877
sorghum,rgb1-rhizo,59.0_24924.0_4259.0.png,0.9887241235217119,2.0660792221315205
sorghum,rgb1-rhizo,59.0_24924.0_4297.0.png,0.9887770515637259,2.0497048632241786
sorghum,rgb1-rhizo,59.0_24924.0_4326.0.png,0.9898661345576236,2.063852651976049
sorghum,rgb1-rhizo,59.0_24924.0_4362.0.png,0.9906103092272063,2.098103682976216
sorghum,rgb1-rhizo,59.0_24924.0_4550.0.png,0.9907427671771629,2.0623496398329735
sorghum,rgb1-rhizo,59.0_24928.0_4059.0.png,1.0930156300040424e-10,2.0114240422844887
sorghum,rgb1-rhizo,59.0_24928.0_4092.0.png,0.693144545848305,2.0194977479986846
sorghum,rgb1-rhizo,59.0_24928.0_4139.0.png,0.7974527345688279,2.041011123917997
sorghum,rgb1-rhizo,59.0_24928.0_4304.0.png,0.9572279142354915,2.0675916713662446
sorghum,rgb1-rhizo,59.0_24928.0_4550.0.png,0.9626843442239963,2.0704168919473886
sorghum,rgb1-rhizo,59.0_24929.0_4059.0.png,3.599712021742364e-10,2.039177506696433
sorghum,rgb1-rhizo,59.0_24929.0_4067.0.png,0.8712713936509003,2.0164272217079997
sorghum,rgb1-rhizo,59.0_24929.0_4092.0.png,0.9555547048473403,2.0108034890145063
sorghum,rgb1-rhizo,59.0_24929.0_4111.0.png,0.9556485355653234,2.079898240044713
sorghum,rgb1-rhizo,59.0_24929.0_4139.0.png,0.9790464109955,2.045191427692771
sorghum,rgb1-rhizo,59.0_24929.0_4267.0.png,0.9836364801712378,2.0025755311362445
sorghum,rgb1-rhizo,59.0_24929.0_4304.0.png,0.9877990845373403,2.0015369481407106
sorghum,rgb1-rhizo,59.0_24929.0_4336.0.png,0.9872127667123556,2.08372656814754
sorghum,rgb1-rhizo,59.0_24929.0_4370.0.png,0.9883575343204005,2.0573310498148203
sorghum,rgb1-rhizo,59.0_24929.0_4550.0.png,0.9872911720573501,2.023708769120276
sorghum,rgb1-rhizo,59.0_24932.0_4059.0.png,2.8868360268802436e-10,2.05784672498703
sorghum,rgb1-rhizo,59.0_24932.0_4067.0.png,0.661546445286814,2.058996119070798
sorghum,rgb1-rhizo,59.0_24932.0_4088.0.png,0.8866633434591624,2.008067214861512
sorghum,rgb1-rhizo,59.0_24932.0_4111.0.png,0.9138146214573325,2.0282022040337324
sorghum,rgb1-rhizo,59.0_24932.0_4135.0.png,0.9432713139376898,2.0310322758741677
sorghum,rgb1-rhizo,59.0_24932.0_4267.0.png,0.9763158718075018,2.063575646840036
sorghum,rgb1-rhizo,59.0_24932.0_4297.0.png,0.9795414900602187,2.0741741661913693
sorghum,rgb1-rhizo,59.0_24932.0_4336.0.png,0.9832969471174059,2.0914876218885183
sorghum,rgb1-rhizo,59.0_24932.0_4362.0.png,0.9833958502741346,2.0782012888230383
sorghum,rgb1-rhizo,59.0_24932.0_4550.0.png,0.9805299203932863,2.043773064389825
sorghum,rgb1-rhizo,59.0_24933.0_4059.0.png,2.983293555195915e-10,2.076807163655758
sorghum,rgb1-rhizo,59.0_24933.0_4067.0.png,0.615617128511887,2.096299058292061
sorghum,rgb1-rhizo,59.0_24933.0_4088.0.png,0.8435136050669801,2.0675192130729556
sorghum,rgb1-rhizo,59.0_24933.0_4111.0.png,0.9302917865077768,2.0157455010339618
sorghum,rgb1-rhizo,59.0_24933.0_4135.0.png,0.918615882878111,1.9903670968487859
sorghum,rgb1-rhizo,59.0_24933.0_4267.0.png,0.96476909819046,2.082361896056682
sorghum,rgb1-rhizo,59.0_24933.0_4297.0.png,0.9697131452838085,2.0572718367911875
sorghum,rgb1-rhizo,59.0_24933.0_4336.0.png,0.9765168227440093,2.0205328222364187
sorghum,rgb1-rhizo,59.0_24933.0_4362.0.png,0.971066440499382,2.0382346329279244
sorghum,rgb1-rhizo,59.0_24933.0_4550.0.png,0.9757394642759835,2.0327486493624747
sorghum,rgb1-rhizo,59.0_24934.0_4059.0.png,3.4129692821116146e-10,2.093104236293584
sorghum,rgb1-rhizo,59.0_24934.0_4067.0.png,0.7974239489084547,2.0329016083851457
sorghum,rgb1-rhizo,59.0_24934.0_4088.0.png,0.8561245099246726,2.0593334240838885
sorghum,rgb1-rhizo,59.0_24934.0_4111.0.png,0.9306284344925474,2.046610207296908
sorghum,rgb1-rhizo,59.0_24934.0_4135.0.png,0.9580546580411062,2.0690558473579586
sorghum,rgb1-rhizo,59.0_24934.0_4267.0.png,0.9887677308599931,2.0558835407719016
sorghum,rgb1-rhizo,59.0_24934.0_4297.0.png,0.9903103795704694,2.097187847364694
sorghum,rgb1-rhizo,59.0_24934.0_4336.0.png,0.9887844486474057,2.0760941747576
sorghum,rgb1-rhizo,59.0_24934.0_4362.0.png,0.9893911250119568,2.0661140037700534
sorghum,rgb1-rhizo,59.0_24934.0_4550.0.png,0.98844367717175,2.1162887108512223
sorghum,rgb1-rhizo,59.0_24935.0_4059.0.png,1.0964912268678824e-09,2.0918763736262918
sorghum,rgb1-rhizo,59.0_24935.0_4067.0.png,0.7727572559741496,2.0391004979610443
sorghum,rgb1-rhizo,59.0_24935.0_4088.0.png,0.9167607223535016,2.0609578150324523
sorghum,rgb1-rhizo,59.0_24935.0_4111.0.png,0.9400950672099948,2.082789803855121
sorghum,rgb1-rhizo,59.0_24935.0_4135.0.png,0.945102075828935,2.061388157773763
sorghum,rgb1-rhizo,59.0_24935.0_4267.0.png,0.9784077624141306,2.0377204180695117
sorghum,rgb1-rhizo,59.0_24935.0_4297.0.png,0.9853045575627899,2.047671793960035
sorghum,rgb1-rhizo,59.0_24935.0_4336.0.png,0.9829672971411113,2.1002872167155147
sorghum,rgb1-rhizo,59.0_24935.0_4362.0.png,0.9812527473888488,2.055781827773899
sorghum,rgb1-rhizo,59.0_24935.0_4550.0.png,0.9878136701026272,2.0936321527697146
sorghum,rgb1-rhizo,59.0_24938.0_4059.0.png,5.592841160182974e-10,2.04979608906433
sorghum,rgb1-rhizo,59.0_24938.0_4088.0.png,0.8789525691799281,2.1168623161502182
sorghum,rgb1-rhizo,59.0_24938.0_4135.0.png,0.9481647304035632,2.05586417298764
sorghum,rgb1-rhizo,59.0_24938.0_4297.0.png,0.9785197819537204,2.0640822811983526
sorghum,rgb1-rhizo,59.0_24938.0_4550.0.png,0.9850987690142566,2.02050310280174
sorghum,rgb1-rhizo,59.0_24939.0_4059.0.png,8.650519023658719e-10,2.106053579133004
sorghum,rgb1-rhizo,59.0_24939.0_4088.0.png,0.8798197820683246,2.0866106268949807
sorghum,rgb1-rhizo,59.0_24939.0_4135.0.png,0.958638503793509,2.112753286026418
sorghum,rgb1-rhizo,59.0_24939.0_4297.0.png,0.9781716137784486,2.0620878897607327
sorghum,rgb1-rhizo,59.0_24939.0_4550.0.png,0.9789795507532445,2.114762163721025
sorghum,rgb1-rhizo,59.0_24940.0_4059.0.png,3.0515715584218577e-10,2.0881756460294127
sorghum,rgb1-rhizo,59.0_24940.0_4067.0.png,0.22173382192387453,2.0489200833253562
sorghum,rgb1-rhizo,59.0_24940.0_4088.0.png,0.7281218566081246,2.0949504151940346
sorghum,rgb1-rhizo,59.0_24940.0_4111.0.png,0.8364557271057407,2.0413889628835022
sorghum,rgb1-rhizo,59.0_24940.0_4135.0.png,0.917936486906101,2.021876640152186
sorghum,rgb1-rhizo,59.0_24940.0_4267.0.png,0.9661819531072046,2.0268774847500026
sorghum,rgb1-rhizo,59.0_24940.0_4297.0.png,0.9730231006589174,2.064913511276245
sorghum,rgb1-rhizo,59.0_24940.0_4336.0.png,0.9754908885436373,2.056943051982671
sorghum,rgb1-rhizo,59.0_24940.0_4362.0.png,0.9761335567751787,2.045870255678892
sorghum,rgb1-rhizo,59.0_24940.0_4550.0.png,0.9771005418902363,2.0915764048695564
sorghum,rgb1-rhizo,59.0_24942.0_4059.0.png,7.256894044080628e-10,2.047545532695949
sorghum,rgb1-rhizo,59.0_24942.0_4088.0.png,0.7494760374808612,2.0400052960030735
sorghum,rgb1-rhizo,59.0_24942.0_4135.0.png,0.87582399914916,2.0613118116743863
sorghum,rgb1-rhizo,59.0_24942.0_4297.0.png,0.9414643696171067,2.051058324985206
sorghum,rgb1-rhizo,59.0_24942.0_4550.0.png,0.9614509155957759,2.068346122279763
sorghum,rgb1-rhizo,59.0_24943.0_4059.0.png,1.7301038032351144e-09,2.086374780163169
sorghum,rgb1-rhizo,59.0_24943.0_4067.0.png,0.810150979823273,2.1030827602371573
sorghum,rgb1-rhizo,59.0_24943.0_4088.0.png,0.9518702923559383,2.0786488307639956
sorghum,rgb1-rhizo,59.0_24943.0_4111.0.png,0.9500772550508777,2.0566825880669057
sorghum,rgb1-rhizo,59.0_24943.0_4135.0.png,0.965899925800371,2.0385544118471444
sorghum,rgb1-rhizo,59.0_24943.0_4259.0.png,0.9760104517845669,2.0461413469165564
sorghum,rgb1-rhizo,59.0_24943.0_4297.0.png,0.9787150256975741,2.0895446334034204
sorghum,rgb1-rhizo,59.0_24943.0_4336.0.png,0.9840042878864147,2.0941270259208977
sorghum,rgb1-rhizo,59.0_24943.0_4362.0.png,0.9830934227593942,2.038828589953482
sorghum,rgb1-rhizo,59.0_24943.0_4550.0.png,0.9861659737340771,2.0618321648798883
arabidopsis,rgb2,20.0_Jun.XX.10_881.0.png,0.7288762822677236,0.9411332798190415
arabidopsis,rgb2,20.0_Jun.XX.10_904.0.png,0.836435409673516,0.9458574941381812
arabidopsis,rgb2,20.0_Jun.XX.10_926.0.png,0.8836611691070705,0.9530274379067123
arabidopsis,rgb2,20.0_Jun.XX.10_949.0.png,0.9494901479928678,0.9121601982042193
arabidopsis,rgb2,20.0_Jun.XX.11_881.0.png,0.8433184312459404,0.9735713228583336
arabidopsis,rgb2,20.0_Jun.XX.11_904.0.png,0.9140600529411875,0.9234236548654735
arabidopsis,rgb2,20.0_Jun.XX.11_926.0.png,0.9073428752326714,0.9765747408382595
arabidopsis,rgb2,20.0_Jun.XX.11_949.0.png,0.9486646219148572,0.9340449469164014
arabidopsis,rgb2,20.0_Jun.XX.12_881.0.png,0.7285826099347245,0.9492373121902347
arabidopsis,rgb2,20.0_Jun.XX.12_904.0.png,0.8770092357766535,0.9338578437454998
arabidopsis,rgb2,20.0_Jun.XX.12_926.0.png,0.8963133068522503,0.9478996740654111
arabidopsis,rgb2,20.0_Jun.XX.12_949.0.png,0.94992129599672,0.9312325497157872
arabidopsis,rgb2,20.0_Jun.XX.1_881.0.png,0.8308974347197791,0.969534769654274
arabidopsis,rgb2,20.0_Jun.XX.1_904.0.png,0.8944512420395457,0.8999014711007476
arabidopsis,rgb2,20.0_Jun.XX.1_926.0.png,0.936856982915332,0.9896909911185503
arabidopsis,rgb2,20.0_Jun.XX.1_949.0.png,0.9698863962811262,0.9008076940663159
arabidopsis,rgb2,20.0_Jun.XX.2_881.0.png,0.8425137142934177,0.9465986434370279
arabidopsis,rgb2,20.0_Jun.XX.2_904.0.png,0.8705203073548397,0.9365947088226676
arabidopsis,rgb2,20.0_Jun.XX.2_926.0.png,0.961615224550325,0.9504648740403354
arabidopsis,rgb2,20.0_Jun.XX.2_949.0.png,0.9748776505761593,0.9069890808314085
arabidopsis,rgb2,20.0_Jun.XX.3_881.0.png,0.7042041136407081,0.96856155898422
arabidopsis,rgb2,20.0_Jun.XX.3_904.0.png,0.8490159497600671,0.900131044909358
arabidopsis,rgb2,20.0_Jun.XX.3_926.0.png,0.9348368595375062,0.9866517838090658
arabidopsis,rgb2,20.0_Jun.XX.3_949.0.png,0.9643546116906957,0.9221794633194804
arabidopsis,rgb2,20.0_Jun.XX.4_881.0.png,0.5431788624262955,0.9454559832811356
arabidopsis,rgb2,20.0_Jun.XX.4_904.0.png,0.850530849527449,0.9361512903124094
arabidopsis,rgb2,20.0_Jun.XX.4_926.0.png,0.9127401311197124,0.9505078447982669
arabidopsis,rgb2,20.0_Jun.XX.4_949.0.png,0.9596944560313422,0.9156784098595381
arabidopsis,rgb2,20.0_Jun.XX.5_881.0.png,0.8020240679150045,0.9810209576971829
arabidopsis,rgb2,20.0_Jun.XX.5_904.0.png,0.9172480419216945,0.912344777956605
arabidopsis,rgb2,20.0_Jun.XX.5_926.0.png,0.9630474820322589,0.9362290161661804
arabidopsis,rgb2,20.0_Jun.XX.5_949.0.png,0.974585452640275,0.937608434818685
arabidopsis,rgb2,20.0_Jun.XX.6_881.0.png,0.7554937005583231,0.9361970662139356
arabidopsis,rgb2,20.0_Jun.XX.6_904.0.png,0.8950506441175048,0.9425228368490934
arabidopsis,rgb2,20.0_Jun.XX.6_926.0.png,0.9465071196141948,0.9478062270209193
arabidopsis,rgb2,20.0_Jun.XX.6_949.0.png,0.983423366546348,0.9137005009688437
arabidopsis,rgb2,20.0_Jun.XX.7_881.0.png,0.7830663967414957,0.9487959281541407
arabidopsis,rgb2,20.0_Jun.XX.7_904.0.png,0.8956271369445901,0.9284531241282821
arabidopsis,rgb2,20.0_Jun.XX.7_926.0.png,0.9545565788928765,0.9357519247569144
arabidopsis,rgb2,20.0_Jun.XX.7_949.0.png,0.9813919806550684,0.9470496969297528
arabidopsis,rgb2,20.0_Jun.XX.8_881.0.png,0.7341451232073994,0.9381604995578527
arabidopsis,rgb2,20.0_Jun.XX.8_904.0.png,0.8855756038033122,0.8979848260059953
arabidopsis,rgb2,20.0_Jun.XX.8_926.0.png,0.9553747183636101,0.9845284488983452
arabidopsis,rgb2,20.0_Jun.XX.8_949.0.png,0.9729012091307313,0.907347699161619
arabidopsis,rgb2,20.0_Jun.XX.9_881.0.png,0.6088843356499151,0.9503742819651961
arabidopsis,rgb2,20.0_Jun.XX.9_904.0.png,0.8242856247001251,0.9109220076352358
arabidopsis,rgb2,20.0_Jun.XX.9_926.0.png,0.875024270604785,0.9651431757956743
arabidopsis,rgb2,20.0_Jun.XX.9_949.0.png,0.9363982919596601,0.909301312174648
arabidopsis,rgb2,26.0_Jun.XX.10_1162.0.png,0.9122978966695567,0.9876678548753262
arabidopsis,rgb2,26.0_Jun.XX.10_1185.0.png,0.9394913833465197,0.8990979511290789
arabidopsis,rgb2,26.0_Jun.XX.11_1162.0.png,0.9244885268807632,0.9326329869218171
arabidopsis,rgb2,26.0_Jun.XX.11_1185.0.png,0.9462137752738331,0.9252608292736113
arabidopsis,rgb2,26.0_Jun.XX.12_1162.0.png,0.9243203099280699,0.9409495913423598
arabidopsis,rgb2,26.0_Jun.XX.12_1185.0.png,0.9442210248298064,0.9005952519364655
arabidopsis,rgb2,26.0_Jun.XX.1_1162.0.png,0.6167145295631035,0.9907864020206034
arabidopsis,rgb2,26.0_Jun.XX.1_1185.0.png,0.6373033560031562,0.8924752082675695
arabidopsis,rgb2,26.0_Jun.XX.2_1162.0.png,0.6605694893438602,0.977567667607218
arabidopsis,rgb2,26.0_Jun.XX.2_1185.0.png,0.6706174776392717,0.9081200901418924
arabidopsis,rgb2,26.0_Jun.XX.3_1162.0.png,0.6787242832698459,0.948414365760982
arabidopsis,rgb2,26.0_Jun.XX.3_1185.0.png,0.6860078981603597,0.929101780988276
arabidopsis,rgb2,26.0_Jun.XX.4_1162.0.png,5.687149884802871e-12,0.9518403830006719
arabidopsis,rgb2,26.0_Jun.XX.4_1185.0.png,2.538979685617089e-12,0.915116227697581
arabidopsis,rgb2,26.0_Jun.XX.5_1162.0.png,3.702675182805877e-12,0.9542769598774612
arabidopsis,rgb2,26.0_Jun.XX.5_1185.0.png,1.6906828160660673e-12,0.914285646751523
arabidopsis,rgb2,26.0_Jun.XX.6_1162.0.png,3.044686869169669e-12,0.9600336248986423
arabidopsis,rgb2,26.0_Jun.XX.6_1185.0.png,1.7932266243911219e-12,0.8981647458858788
arabidopsis,rgb2,26.0_Jun.XX.7_1162.0.png,0.9226567176091882,0.9410322583280504
arabidopsis,rgb2,26.0_Jun.XX.7_1185.0.png,0.9423984818933906,0.9328223350457847
arabidopsis,rgb2,26.0_Jun.XX.8_1162.0.png,0.9222580472228249,0.9530972801148891
arabidopsis,rgb2,26.0_Jun.XX.8_1185.0.png,0.9429239766082489,0.9419637299142778
arabidopsis,rgb2,26.0_Jun.XX.9_1162.0.png,0.9403960676172566,0.9454982117749751
arabidopsis,rgb2,26.0_Jun.XX.9_1185.0.png,0.9639969858922854,0.9085042346268892
arabidopsis,rgb2,26.0_XX APPL 10_1153.0.png,0.8289155555071009,0.9767627348192036
arabidopsis,rgb2,26.0_XX APPL 10_1155.0.png,0.9146807291557649,0.9235016517341137
arabidopsis,rgb2,26.0_XX APPL 11_1153.0.png,0.8620693332203262,0.9358853562735021
arabidopsis,rgb2,26.0_XX APPL 11_1155.0.png,0.8783338552234171,0.9217534372583032
arabidopsis,rgb2,26.0_XX APPL 12_1153.0.png,0.7876233984470986,0.961200290825218
arabidopsis,rgb2,26.0_XX APPL 12_1155.0.png,0.9187184057599319,0.9179844507016242
arabidopsis,rgb2,26.0_XX APPL 1_1153.0.png,0.8311004277290873,0.978693796787411
arabidopsis,rgb2,26.0_XX APPL 1_1155.0.png,0.9060460107921386,0.8957656002603471
arabidopsis,rgb2,26.0_XX APPL 2_1153.0.png,0.8675304890149588,0.9489291091449559
arabidopsis,rgb2,26.0_XX APPL 2_1155.0.png,0.9164549065164092,0.9303142828866839
arabidopsis,rgb2,26.0_XX APPL 3_1153.0.png,0.84477902333719,0.9574388787150383
arabidopsis,rgb2,26.0_XX APPL 3_1155.0.png,0.8957206306112985,0.935957632958889
arabidopsis,rgb2,26.0_XX APPL 4_1153.0.png,0.8312932323428742,0.9563495591282845
arabidopsis,rgb2,26.0_XX APPL 4_1155.0.png,0.8883228295163649,0.8939929478801787
arabidopsis,rgb2,26.0_XX APPL 5_1153.0.png,0.8127620953062149,0.9877180177718401
arabidopsis,rgb2,26.0_XX APPL 5_1155.0.png,0.9124567682282984,0.9098214861005545
arabidopsis,rgb2,26.0_XX APPL 6_1153.0.png,0.8572965352007151,0.9969556545838714
arabidopsis,rgb2,26.0_XX APPL 6_1155.0.png,0.909366210666379,0.9187485347501934
arabidopsis,rgb2,26.0_XX APPL 7_1153.0.png,0.8584121634569185,0.9427502057515085
arabidopsis,rgb2,26.0_XX APPL 7_1155.0.png,0.9024379535492547,0.907126400154084
arabidopsis,rgb2,26.0_XX APPL 8_1153.0.png,0.8137564181322939,0.9744090349413455
arabidopsis,rgb2,26.0_XX APPL 8_1155.0.png,0.915266594939021,0.9061799300834537
arabidopsis,rgb2,26.0_XX APPL 9_1153.0.png,0.8387415708774028,0.9343074322678149
arabidopsis,rgb2,26.0_XX APPL 9_1155.0.png,0.9079438727083418,0.9133274746127427
arabidopsis,rgb2,32.0_4 Tree 28_1396.0.png,0.9778241978136288,0.9579874249175191
arabidopsis,rgb2,32.0_4 Tree 28_1398.0.png,0.9793714190851281,0.91275743721053
arabidopsis,rgb2,32.0_4 Tree 30_1396.0.png,0.9698603807797463,0.977713733445853
arabidopsis,rgb2,32.0_4 Tree 30_1398.0.png,0.9680522838774233,0.903131497092545
eucalyptus,rgb2,57.0_24725.0_4047.0.png,0.9280801280997288,0.9464427581988275
eucalyptus,rgb2,57.0_24725.0_4049.0.png,0.9304374925892572,0.9399690870195627
eucalyptus,rgb2,57.0_24736.0_4047.0.png,0.9346684145008897,0.9442312261089683
eucalyptus,rgb2,57.0_24736.0_4048.0.png,0.9470501001818914,0.9451079042628407
eucalyptus,rgb2,57.0_24738.0_4047.0.png,0.9630942827664895,0.9362608557567
eucalyptus,rgb2,57.0_24738.0_4048.0.png,0.9525988968765711,0.9531015469692647
eucalyptus,rgb2,57.0_24739.0_4047.0.png,0.911677249057249,0.9765403047204018
eucalyptus,rgb2,57.0_24739.0_4048.0.png,0.9105001195001363,0.8964095967821777
eucalyptus,rgb2,57.0_24742.0_4047.0.png,0.9203788926553484,0.9806998390704393
eucalyptus,rgb2,57.0_24742.0_4048.0.png,0.9224132707290902,0.9032595087774098
eucalyptus,rgb2,57.0_24748.0_4047.0.png,0.9129713993048192,0.9397022030316293
eucalyptus,rgb2,57.0_24748.0_4048.0.png,0.9025944661842035,0.9108808482997119
eucalyptus,rgb2,57.0_24749.0_4047.0.png,0.9163898289311002,0.9627755880355835
eucalyptus,rgb2,57.0_24749.0_4048.0.png,0.9382505033541688,0.8993417122401297
eucalyptus,rgb2,57.0_24750.0_4047.0.png,0.9059730156356867,0.9947791793383658
eucalyptus,rgb2,57.0_24750.0_4048.0.png,0.9175941984859983,0.9014742327854037
eucalyptus,rgb2,57.0_24753.0_4047.0.png,0.9024064963548981,0.9500354798510671
eucalyptus,rgb2,57.0_24753.0_4048.0.png,0.9120322186525935,0.9045557896606624
eucalyptus,rgb2,57.0_24764.0_4047.0.png,0.9516974027927618,0.9596298998221755
eucalyptus,rgb2,57.0_24764.0_4048.0.png,0.9498115548467936,0.9092306988313794
eucalyptus,rgb2,57.0_24765.0_4047.0.png,0.9254828368132098,0.9910292886197567
eucalyptus,rgb2,57.0_24765.0_4048.0.png,0.9274912402846955,0.9104179926216602
eucalyptus,rgb2,57.0_24771.0_4047.0.png,0.9558044004514724,0.9353427398018539
eucalyptus,rgb2,57.0_24771.0_4048.0.png,0.9549094311878012,0.9263018663041294
eucalyptus,rgb2,57.0_24772.0_4047.0.png,0.961979587129567,0.954628995154053
eucalyptus,rgb2,57.0_24772.0_4048.0.png,0.9654977731220502,0.9115414679981768
eucalyptus,rgb2,57.0_24774.0_4047.0.png,0.9376689093477231,0.9760385560803115
eucalyptus,rgb2,57.0_24774.0_4048.0.png,0.9359092442454471,0.9282988850027323
eucalyptus,rgb2,57.0_24777.0_4047.0.png,0.9296462516447278,0.9986044480465353
eucalyptus,rgb2,57.0_24777.0_4048.0.png,0.9225661984624585,0.9368229429237545
eucalyptus,rgb2,57.0_24778.0_4047.0.png,0.9408340030360667,0.9685501018539071
eucalyptus,rgb2,57.0_24778.0_4048.0.png,0.94101405463689,0.9632906871847808
eucalyptus,rgb2,57.0_24779.0_4047.0.png,0.9551634947616522,0.9316150061786175
eucalyptus,rgb2,57.0_24779.0_4048.0.png,0.9576395975233156,0.9448232990689576
eucalyptus,rgb2,57.0_24783.0_4047.0.png,0.9063015374483154,0.9549350487068295
eucalyptus,rgb2,57.0_24783.0_4048.0.png,0.9237785048028536,0.9987687794491649
eucalyptus,rgb2,57.0_24784.0_4047.0.png,0.9295933528366331,1.0575760509818792
eucalyptus,rgb2,57.0_24784.0_4048.0.png,0.9439407864629897,0.9515297100879252
eucalyptus,rgb2,57.0_24796.0_4047.0.png,0.9242576794253846,0.9494688427075744
eucalyptus,rgb2,57.0_24796.0_4048.0.png,0.9232354393019822,0.9107201481238008
eucalyptus,rgb2,57.0_24797.0_4047.0.png,0.9752545705314738,0.9778878572396934
eucalyptus,rgb2,57.0_24797.0_4048.0.png,0.9788170508672384,0.8937540077604353
eucalyptus,rgb2,57.0_24799.0_4047.0.png,0.924246075000623,0.9424967202357948
eucalyptus,rgb2,57.0_24799.0_4048.0.png,0.917505649345867,0.9285260052420199
eucalyptus,rgb2,57.0_24801.0_4047.0.png,0.9527633014180994,0.9619229007512331
eucalyptus,rgb2,57.0_24801.0_4048.0.png,0.9475818097797208,0.8999842782504857
eucalyptus,rgb2,57.0_24806.0_4047.0.png,0.9589444110383668,0.972663358785212
eucalyptus,rgb2,57.0_24806.0_4048.0.png,0.9568449355301678,0.9033803092315793
eucalyptus,rgb2,57.0_24808.0_4047.0.png,0.9038164414383361,0.9298671698197722
eucalyptus,rgb2,57.0_24808.0_4048.0.png,0.9016262942909645,0.9410513467155397
eucalyptus,rgb2,57.0_24809.0_4047.0.png,0.9069653808076281,0.9420619481243193
eucalyptus,rgb2,57.0_24809.0_4048.0.png,0.9236958312117604,0.933935692999512
eucalyptus,rgb2,57.0_24818.0_4047.0.png,0.9559453278645679,0.927116327919066
eucalyptus,rgb2,57.0_24818.0_4048.0.png,0.9461618491516667,0.9243219750933349
eucalyptus,rgb2,57.0_24820.0_4047.0.png,0.8508056046130623,0.9481945331208408
eucalyptus,rgb2,57.0_24820.0_4048.0.png,0.8987200925761636,0.9347722451202571
eucalyptus,rgb2,57.0_24824.0_4047.0.png,0.9628290030727471,0.940792347304523
eucalyptus,rgb2,57.0_24824.0_4048.0.png,0.9596802502221645,0.9346450441516936
eucalyptus,rgb2,57.0_24831.0_4047.0.png,0.9124295950784281,0.9680562568828464
eucalyptus,rgb2,57.0_24831.0_4048.0.png,0.9119263458904523,0.8942209100350738
eucalyptus,rgb2,57.0_24832.0_4047.0.png,0.9036872117134114,0.9300996088422835
eucalyptus,rgb2,57.0_24832.0_4048.0.png,0.9204148644008113,0.937498067971319
eucalyptus,rgb2,57.0_24834.0_4047.0.png,0.8992409969320513,0.9445949671790004
eucalyptus,rgb2,57.0_24834.0_4048.0.png,0.9315338567987824,0.9241147828288376
eucalyptus,rgb2,57.0_24837.0_4047.0.png,0.8961124133159981,0.9563746596686542
eucalyptus,rgb2,57.0_24837.0_4048.0.png,0.8981239150595265,0.9294240423478186
eucalyptus,rgb2,57.0_24843.0_4047.0.png,0.9530350496693961,0.9500844571739435
eucalyptus,rgb2,57.0_24843.0_4048.0.png,0.9468530261853261,0.8999937549233437
eucalyptus,rgb2,57.0_24846.0_4047.0.png,0.8786922348037102,0.9870433369651437
eucalyptus,rgb2,57.0_24846.0_4048.0.png,0.8917880366025487,0.9065040163695812
eucalyptus,rgb2,57.0_24852.0_4047.0.png,0.9656171908310288,0.9482425227761269
eucalyptus,rgb2,57.0_24852.0_4048.0.png,0.9634345365527751,0.9193691001273692
eucalyptus,rgb2,57.0_24853.0_4047.0.png,0.7736504192946262,0.9424186917021871
eucalyptus,rgb2,57.0_24853.0_4048.0.png,0.8578437098525156,0.9287017369642854
eucalyptus,rgb2,57.0_24856.0_4047.0.png,0.9047118139941516,0.9442878663539886
eucalyptus,rgb2,57.0_24856.0_4048.0.png,0.9030990303473759,0.9078934919089079
eucalyptus,rgb2,57.0_24858.0_4047.0.png,0.9245396287950384,0.9707463742233813
eucalyptus,rgb2,57.0_24858.0_4048.0.png,0.9335844654920974,0.9241073001176119
eucalyptus,rgb2,57.0_24870.0_4047.0.png,0.9493306574336208,0.9324283320456743
eucalyptus,rgb2,57.0_24870.0_4048.0.png,0.9592781073405839,0.9258870538324118
eucalyptus,rgb2,57.0_24878.0_4047.0.png,0.9453917194472377,0.931502512190491
eucalyptus,rgb2,57.0_24878.0_4048.0.png,0.9476403343926996,0.9358679750002921
eucalyptus,rgb2,57.0_24881.0_4047.0.png,0.9339167066020576,0.9387473897077143
eucalyptus,rgb2,57.0_24881.0_4048.0.png,0.9286771869988051,0.9164630649611354
eucalyptus,rgb2,57.0_24893.0_4047.0.png,0.9427015772164915,0.9490148341283202
eucalyptus,rgb2,57.0_24893.0_4048.0.png,0.9395281934461942,0.9265056629665196
eucalyptus,rgb2,57.0_24899.0_4047.0.png,0.9328483883527191,0.9398535322397947
eucalyptus,rgb2,57.0_24899.0_4048.0.png,0.9394643787950445,0.921776011120528
eucalyptus,rgb2,57.0_24904.0_4047.0.png,0.9391877872057545,0.9473346755839884
eucalyptus,rgb2,57.0_24904.0_4048.0.png,0.9415336749726244,0.9023257740773261
eucalyptus,rgb2,57.0_24905.0_4047.0.png,0.9500033260162642,0.976785461883992
eucalyptus,rgb2,57.0_24905.0_4048.0.png,0.9538266460360689,0.9003124171867967
eucalyptus,rgb2,57.0_24906.0_4047.0.png,0.9518791687080799,0.9389731069095433
eucalyptus,rgb2,57.0_24906.0_4048.0.png,0.9540456263859771,0.9403220070526004
eucalyptus,rgb2,57.0_24915.0_4047.0.png,0.9288030756573967,0.9635114329867065
eucalyptus,rgb2,57.0_24915.0_4048.0.png,0.9345306242784696,0.900679440703243
eucalyptus,rgb2,57.0_24920.0_4047.0.png,0.9590367384685626,0.9751598378643394
eucalyptus,rgb2,57.0_24920.0_4048.0.png,0.9559829906124921,0.9003732819110155
eucalyptus,rgb2,57.0_24923.0_4047.0.png,0.922750676829616,0.975913442671299
eucalyptus,rgb2,57.0_24923.0_4048.0.png,0.9258272627989556,0.9340057042427361
pennycress,rgb2,13.0_Penny Cress 998_616.0.png,0.98826050605173,0.924898945260793
pennycress,rgb2,13.0_Penny Cress 998_621.0.png,0.9897756076736339,0.9419739409349859
pennycress,rgb2,13.0_Penny Cress 998_622.0.png,0.9911061962729392,0.9371072179637849
pennycress,rgb2,13.0_Penny Cress 998_643.0.png,0.95923435741594,0.9145086989738047
pennycress,rgb2,13.0_Penny Cress 999_616.0.png,0.9922320888321994,0.9608595790341496
pennycress,rgb2,13.0_Penny Cress 999_621.0.png,0.9933648751605042,0.9252464920282364
pennycress,rgb2,13.0_Penny Cress 999_622.0.png,0.9932472073456079,0.9258318897336721
pennycress,rgb2,13.0_Penny Cress 999_643.0.png,0.94601314763263,0.9457027111202478
pennycress,rgb2,13.0_XX APPL 3_616.0.png,0.9840656851532346,0.93184072105214
pennycress,rgb2,13.0_XX APPL 3_621.0.png,0.9869624141584054,0.9316033720970154
pennycress,rgb2,13.0_XX APPL 3_622.0.png,0.9820178812706114,0.9479819000698626
pennycress,rgb2,13.0_XX APPL 8_545.0.png,0.89108437574762,0.9070535632781684
pennycress,rgb2,13.0_XX APPL 8_550.0.png,0.9146733176037383,0.9786559990607202
pennycress,rgb2,13.0_XX APPL 8_553.0.png,0.9433108465231105,0.8936128690838814
pennycress,rgb2,13.0_XX APPL 8_555.0.png,0.9543833205586157,0.9448572508990765
pennycress,rgb2,13.0_XX APPL 8_556.0.png,0.9605613086851981,0.9055863292887807
pennycress,rgb2,13.0_XX APPL 8_558.0.png,0.964188313929346,0.9581990176811814
pennycress,rgb2,13.0_XX APPL 8_560.0.png,0.9666894696891812,0.9133631731383502
pennycress,rgb2,13.0_XX APPL 8_564.0.png,0.9693932207636418,0.9724257667548954
pennycress,rgb2,13.0_XX APPL 8_567.0.png,0.9748050065543026,0.902679261751473
pennycress,rgb2,13.0_XX APPL 8_572.0.png,0.9782601092090643,0.944652384147048
pennycress,rgb2,13.0_XX APPL 8_573.0.png,0.9810656109251941,0.9259235830977559
pennycress,rgb2,13.0_XX APPL 8_574.0.png,0.984175882701289,0.9716272880323231
pennycress,rgb2,13.0_XX APPL 8_616.0.png,0.9853817267897403,0.8906523208133876
pennycress,rgb2,13.0_XX APPL 8_621.0.png,0.987032414446867,0.9802880827337503
pennycress,rgb2,13.0_XX APPL 8_622.0.png,0.9811634472150976,0.9118351140059531
pennycress,rgb2,19.0_4 Tree 26_875.0.png,0.9351694226084557,0.9294957057572901
pennycress,rgb2,19.0_4 Tree 26_884.0.png,0.9556422662714966,0.9465405237860978
pennycress,rgb2,19.0_4 Tree 29_875.0.png,0.9355673465844434,0.9366654832847416
pennycress,rgb2,19.0_4 Tree 29_884.0.png,0.9590685004821516,0.94061926798895
pennycress,rgb2,19.0_4 Tree 29_908.0.png,0.9702375636331825,0.9428474912419915
pennycress,rgb2,19.0_4 Tree 30_875.0.png,0.9084828319571144,0.8984991777688265
pennycress,rgb2,19.0_4 Tree 30_884.0.png,0.9443080734154068,0.9669931652024388
pennycress,rgb2,19.0_4 Tree 30_908.0.png,0.9512818737102972,0.9268951490521431
pennycress,rgb2,24.0_4 Tree 11_1101.0.png,0.8954935456462957,0.9312554826028645
pennycress,rgb2,24.0_4 Tree 11_1109.0.png,0.9255714538553526,0.9246085858903825
pennycress,rgb2,24.0_4 Tree 11_1114.0.png,0.9504138563273906,0.9344685389660299
pennycress,rgb2,24.0_4 Tree 12_1102.0.png,0.8763503297789874,0.9557583732530475
pennycress,rgb2,24.0_4 Tree 12_1109.0.png,0.9248912143949058,0.9455457730218768
pennycress,rgb2,24.0_4 Tree 12_1115.0.png,0.9588660984913568,0.9040547627955675
pennycress,rgb2,24.0_4 Tree 1_1101.0.png,0.8936455747188788,0.9648626171983778
pennycress,rgb2,24.0_4 Tree 1_1108.0.png,0.9290904617409244,0.9191364692524076
pennycress,rgb2,24.0_4 Tree 1_1114.0.png,0.9490586585396513,0.9457304119132459
pennycress,rgb2,24.0_4 Tree 2_1101.0.png,0.8662516879140318,0.9048732100054622
pennycress,rgb2,24.0_4 Tree 2_1108.0.png,0.9260482033660334,0.9494640319608152
pennycress,rgb2,24.0_4 Tree 2_1114.0.png,0.952445652174103,0.9086205651983619
pennycress,rgb2,24.0_4 Tree 3_1101.0.png,0.8846070832947198,0.9825576138682663
pennycress,rgb2,24.0_4 Tree 3_1108.0.png,0.9338360378005025,0.9001080887392163
pennycress,rgb2,24.0_4 Tree 3_1114.0.png,0.9492095083070851,0.9370835931040347
pennycress,rgb2,24.0_4 Tree 4_1101.0.png,0.8999036405109426,0.9123008232563734
pennycress,rgb2,24.0_4 Tree 4_1108.0.png,0.8199489216817339,0.9510538969188929
pennycress,rgb2,24.0_4 Tree 4_1114.0.png,0.8832996423577854,0.8958940617740154
pennycress,rgb2,24.0_4 Tree 5_1101.0.png,0.8103314008866849,0.9791557034477592
pennycress,rgb2,24.0_4 Tree 5_1108.0.png,0.8844006296087902,0.8877224312163889
pennycress,rgb2,24.0_4 Tree 5_1114.0.png,0.9168564008102311,0.9612627499736845
pennycress,rgb2,24.0_4 Tree 6_1101.0.png,0.760632519217788,0.9134454480372369
pennycress,rgb2,24.0_4 Tree 6_1108.0.png,0.8511398308250346,0.9390275878831744
pennycress,rgb2,24.0_4 Tree 6_1115.0.png,0.9174090202889157,0.9102871059440076
pennycress,rgb2,24.0_4 Tree 7_1101.0.png,0.7883049077668336,0.9706186396069825
pennycress,rgb2,24.0_4 Tree 7_1108.0.png,0.934709865484865,0.9065074799582362
pennycress,rgb2,24.0_4 Tree 7_1114.0.png,0.9607194906054424,0.9305416126735508
pennycress,rgb2,24.0_4 Tree 8_1101.0.png,0.9106242552034921,0.9282743958756328
pennycress,rgb2,24.0_4 Tree 8_1108.0.png,0.940470255476612,0.9251239188015461
pennycress,rgb2,24.0_4 Tree 8_1114.0.png,0.96540154750537,0.9327862281352282
pennycress,rgb2,39.0_IV APT 10_1826.0.png,0.9746086518847105,0.9503213721327484
pennycress,rgb2,39.0_IV APT 10_1831.0.png,0.9792920890100631,0.9083139053545892
pennycress,rgb2,39.0_IV APT 10_1834.0.png,0.9788581131654908,0.9604846490547061
pennycress,rgb2,39.0_IV APT 10_1839.0.png,0.9844039638714376,0.9126030448824167
pennycress,rgb2,39.0_IV APT 11_1826.0.png,0.9795830029114524,0.9270578059367836
pennycress,rgb2,39.0_IV APT 11_1831.0.png,0.9851995053919891,0.9211313095875084
pennycress,rgb2,39.0_IV APT 11_1834.0.png,0.985763833195509,0.9591170717030764
pennycress,rgb2,39.0_IV APT 11_1839.0.png,0.9871124817684281,0.900769209023565
pennycress,rgb2,39.0_IV APT 12_1826.0.png,0.9710073440754314,0.9282904760912061
pennycress,rgb2,39.0_IV APT 12_1831.0.png,0.9820624710553594,0.9302036329172552
pennycress,rgb2,39.0_IV APT 12_1834.0.png,0.9839233553144404,0.9395750630646944
pennycress,rgb2,39.0_IV APT 12_1839.0.png,0.9867887088985527,0.9212130038067698
pennycress,rgb2,39.0_IV APT 13_1826.0.png,0.9676108572964475,0.9477192610502243
pennycress,rgb2,39.0_IV APT 13_1831.0.png,0.9791145302166604,0.8974810112267733
pennycress,rgb2,39.0_IV APT 13_1834.0.png,0.9811171984739707,0.953248527366668
pennycress,rgb2,39.0_IV APT 13_1839.0.png,0.984748659382049,0.8948068963363767
pennycress,rgb2,39.0_IV APT 14_1826.0.png,0.9760322229308009,0.956843813881278
pennycress,rgb2,39.0_IV APT 14_1831.0.png,0.9816374185459181,0.9069855329580605
pennycress,rgb2,39.0_IV APT 14_1834.0.png,0.9858695469967141,0.9265244267880917
pennycress,rgb2,39.0_IV APT 14_1839.0.png,0.9863901655429796,0.9152124482207
pennycress,rgb2,39.0_IV APT 15_1826.0.png,0.9667223697562738,0.942208040971309
pennycress,rgb2,39.0_IV APT 15_1831.0.png,0.9723729609821681,0.8886732887476683
pennycress,rgb2,39.0_IV APT 15_1834.0.png,0.9807975190560289,0.9704329883679748
pennycress,rgb2,39.0_IV APT 15_1839.0.png,0.9841275835158549,0.8918611262924969
pennycress,rgb2,39.0_IV APT 16_1826.0.png,0.9707545562127162,0.9406564668752253
pennycress,rgb2,39.0_IV APT 16_1831.0.png,0.979426124898026,0.9219933687709272
pennycress,rgb2,39.0_IV APT 16_1834.0.png,0.9788427960399879,0.9560954789631069
pennycress,rgb2,39.0_IV APT 16_1839.0.png,0.9867793429753143,0.904663351830095
pennycress,rgb2,39.0_IV APT 17_1826.0.png,0.9810871857607649,0.971258217934519
pennycress,rgb2,39.0_IV APT 17_1831.0.png,0.985252943474571,0.9090334041975439
pennycress,rgb2,39.0_IV APT 17_1834.0.png,0.9881363644931082,0.9659737362526357
pennycress,rgb2,39.0_IV APT 17_1839.0.png,0.9891560154714019,0.9145160913467407
pennycress,rgb2,39.0_IV APT 18_1826.0.png,0.9798776341511678,0.9293456110171974
pennycress,rgb2,39.0_IV APT 18_1831.0.png,0.9851543413299859,0.9424511804245412
pennycress,rgb2,39.0_IV APT 18_1834.0.png,0.9891100236768889,0.9528323193080723
pennycress,rgb2,39.0_IV APT 18_1839.0.png,0.9891541284966469,0.910206152126193
sorghum,rgb2,46.0_23707.0_2233.0.png,0.9420867328665257,0.9734946880489588
sorghum,rgb2,46.0_23707.0_2243.0.png,0.9733417461946701,0.9024142189882696
sorghum,rgb2,46.0_23707.0_2256.0.png,0.9886904851577657,0.9781349198892713
sorghum,rgb2,46.0_23707.0_2282.0.png,0.9885013771653564,0.914819975849241
sorghum,rgb2,46.0_23707.0_2305.0.png,0.9894116214567544,0.9299209383316338
sorghum,rgb2,46.0_23707.0_2362.0.png,0.9885353005539477,0.9063035729341209
sorghum,rgb2,46.0_23707.0_2392.0.png,0.9825877921327463,0.9706078479066491
sorghum,rgb2,46.0_23707.0_2422.0.png,0.985985950137507,0.906431645154953
sorghum,rgb2,46.0_23707.0_2505.0.png,0.9838207108001829,0.9401381560601294
sorghum,rgb2,46.0_23707.0_2555.0.png,0.9849645062401424,0.9382529030553997
sorghum,rgb2,46.0_23708.0_2233.0.png,0.9346648509617997,0.9486641269177198
sorghum,rgb2,46.0_23708.0_2243.0.png,0.9731797235024807,0.9605199638754129
sorghum,rgb2,46.0_23708.0_2256.0.png,0.9807369263181916,0.9821772142313421
sorghum,rgb2,46.0_23708.0_2282.0.png,0.9860096134169626,0.9492211700417101
sorghum,rgb2,46.0_23708.0_2305.0.png,0.9896092849734024,1.0113174500875175
sorghum,rgb2,46.0_23708.0_2362.0.png,0.9842782082473049,0.9533930188044906
sorghum,rgb2,46.0_23708.0_2392.0.png,0.9766411206263175,0.942291708663106
sorghum,rgb2,46.0_23708.0_2422.0.png,0.9668965382117695,0.9372413503006101
sorghum,rgb2,46.0_23708.0_2505.0.png,0.9831561560187797,0.9542320850305259
sorghum,rgb2,46.0_23708.0_2555.0.png,0.9570706099120087,1.0238980180583894
sorghum,rgb2,46.0_23709.0_2233.0.png,0.9817030686743555,1.103963505011052
sorghum,rgb2,46.0_23709.0_2243.0.png,0.987442908617711,0.9637860301882029
sorghum,rgb2,46.0_23709.0_2256.0.png,0.9909540375261834,0.9467951832339168
sorghum,rgb2,46.0_23709.0_2282.0.png,0.9914687564553688,0.9483598619699478
sorghum,rgb2,46.0_23709.0_2305.0.png,0.9910465069002936,0.9509746660478413
sorghum,rgb2,46.0_23709.0_2362.0.png,0.9866710909769115,0.9195494670420885
sorghum,rgb2,46.0_23709.0_2392.0.png,0.981088667975275,0.9849946899339557
sorghum,rgb2,46.0_23709.0_2422.0.png,0.9823072520327836,0.9113771859556437
sorghum,rgb2,46.0_23709.0_2505.0.png,0.9885036844379719,0.9809536603279412
sorghum,rgb2,46.0_23709.0_2555.0.png,0.9811295359629407,0.9166086870245636
sorghum,rgb2,46.0_23710.0_2233.0.png,0.9567744278974678,0.9360231650061905
sorghum,rgb2,46.0_23710.0_2243.0.png,0.9831913691404353,0.9227502690628171
sorghum,rgb2,46.0_23710.0_2256.0.png,0.9895808856068439,0.9326934088021517
sorghum,rgb2,46.0_23710.0_2282.0.png,0.9905386280860801,0.9350236561149359
sorghum,rgb2,46.0_23710.0_2305.0.png,0.9897627144624122,0.9246456231921911
sorghum,rgb2,46.0_23710.0_2362.0.png,0.9891415449645196,0.8732477705925703
sorghum,rgb2,46.0_23710.0_2392.0.png,0.9889711150656585,0.9527398427017033
sorghum,rgb2,46.0_23710.0_2422.0.png,0.9884596104332494,0.8891632030718029
sorghum,rgb2,46.0_23710.0_2505.0.png,0.9864044377447824,0.9161280477419496
sorghum,rgb2,46.0_23710.0_2555.0.png,0.9757100967770506,0.8937593242153525
sorghum,rgb2,46.0_23711.0_2233.0.png,0.9213780598382343,0.9220922752283514
sorghum,rgb2,46.0_23711.0_2243.0.png,0.9810620951340775,0.8714373577386141
sorghum,rgb2,46.0_23711.0_2256.0.png,0.9835281954939915,0.9474033331498504
sorghum,rgb2,46.0_23711.0_2282.0.png,0.9908657932728079,0.9091097982600331
sorghum,rgb2,46.0_23711.0_2305.0.png,0.9923324389964829,0.9222506443038583
sorghum,rgb2,46.0_23711.0_2362.0.png,0.9913905758218636,0.9074655789881945
sorghum,rgb2,46.0_23711.0_2392.0.png,0.9858861862397043,0.9359283861704171
sorghum,rgb2,46.0_23711.0_2422.0.png,0.9853449160934419,0.8667733492329717
sorghum,rgb2,46.0_23711.0_2505.0.png,0.988928925049823,0.9270174480043352
sorghum,rgb2,46.0_23711.0_2555.0.png,0.9749964994550361,0.8944714600220323
sorghum,rgb2,46.0_23712.0_2233.0.png,0.9803695849744485,0.9262581812217832
sorghum,rgb2,46.0_23712.0_2243.0.png,0.9875295116773247,0.905509090051055
sorghum,rgb2,46.0_23712.0_2256.0.png,0.988092397504097,0.9201097162440419
sorghum,rgb2,46.0_23712.0_2282.0.png,0.9914353619268718,0.8790573561564088
sorghum,rgb2,46.0_23712.0_2305.0.png,0.9907190565893725,0.9574153427965939
sorghum,rgb2,46.0_23712.0_2362.0.png,0.990657863769808,0.8839430622756481
sorghum,rgb2,46.0_23712.0_2392.0.png,0.9882517309542688,0.9157029446214437
sorghum,rgb2,46.0_23712.0_2422.0.png,0.9867166072257461,0.8774497457779944
sorghum,rgb2,46.0_23712.0_2505.0.png,0.9909986204356819,0.9435225138440728
sorghum,rgb2,46.0_23712.0_2555.0.png,0.9771795596895323,0.8936168127693236
sorghum,rgb2,46.0_23713.0_2233.0.png,0.9730721640839181,0.948227290995419
sorghum,rgb2,46.0_23713.0_2243.0.png,0.9870340812692247,0.9743843069300056
sorghum,rgb2,46.0_23713.0_2256.0.png,0.9902256815294189,0.9678716729395092
sorghum,rgb2,46.0_23713.0_2282.0.png,0.9907076367887299,0.8970840089023113
sorghum,rgb2,46.0_23713.0_2305.0.png,0.991177185453556,0.9176475410349667
sorghum,rgb2,46.0_23713.0_2362.0.png,0.9911803849862894,0.8762368708848953
sorghum,rgb2,46.0_23713.0_2392.0.png,0.9887152496877902,0.931235222145915
sorghum,rgb2,46.0_23713.0_2422.0.png,0.9836795006752468,0.8992714956402779
sorghum,rgb2,46.0_23713.0_2505.0.png,0.9882778348487538,0.9075084701180458
sorghum,rgb2,46.0_23713.0_2555.0.png,0.9874904056560198,0.9092525071464479
sorghum,rgb2,46.0_23714.0_2233.0.png,0.9422257934925226,0.9178733681328595
sorghum,rgb2,46.0_23714.0_2243.0.png,0.9776451900354295,0.8719094092957675
sorghum,rgb2,46.0_23714.0_2256.0.png,0.9860033815914985,0.9354054271243513
sorghum,rgb2,46.0_23714.0_2282.0.png,0.9902427686950938,0.9183466918766499
sorghum,rgb2,46.0_23714.0_2305.0.png,0.990266995452467,0.9141792929731309
sorghum,rgb2,46.0_23714.0_2362.0.png,0.981858629527086,0.9231646219268441
sorghum,rgb2,46.0_23714.0_2392.0.png,0.9794773418424177,0.9289226089604199
sorghum,rgb2,46.0_23714.0_2422.0.png,0.9846179058294352,0.8852710728533566
sorghum,rgb2,46.0_23714.0_2505.0.png,0.9877951575225757,0.969613375607878
sorghum,rgb2,46.0_23714.0_2555.0.png,0.9888545818023791,0.8841500738635659
sorghum,rgb2,46.0_23715.0_2233.0.png,0.9488368242411233,0.9181546987965703
sorghum,rgb2,46.0_23715.0_2243.0.png,0.976398328705174,0.8989575211890042
sorghum,rgb2,46.0_23715.0_2256.0.png,0.989481070070951,0.9349719360470772
sorghum,rgb2,46.0_23715.0_2282.0.png,0.9911830827094562,0.8984001870267093
sorghum,rgb2,46.0_23715.0_2305.0.png,0.9910223434853144,0.9542571208439767
sorghum,rgb2,46.0_23715.0_2362.0.png,0.9911635771221284,0.8924266831018031
sorghum,rgb2,46.0_23715.0_2392.0.png,0.9895404849247831,0.9087528418749571
sorghum,rgb2,46.0_23715.0_2422.0.png,0.9878279755124036,0.9265082138590515
sorghum,rgb2,46.0_23715.0_2505.0.png,0.9893680207926683,0.9221418681554496
sorghum,rgb2,46.0_23715.0_2555.0.png,0.9875468897535153,0.8925338159315288
sorghum,rgb2,46.0_23716.0_2233.0.png,0.9113665910446005,0.9414958008565009
sorghum,rgb2,46.0_23716.0_2243.0.png,0.9568043147187691,0.9124091151170433
sorghum,rgb2,46.0_23716.0_2256.0.png,0.9827174371224505,0.9198950501158834
sorghum,rgb2,46.0_23716.0_2282.0.png,0.9908230393889181,0.9014034462161362
sorghum,rgb2,46.0_23716.0_2305.0.png,0.9929531961077841,0.9567908211611211
sorghum,rgb2,46.0_23716.0_2362.0.png,0.9846012046806506,0.8842227612622082
sorghum,rgb2,46.0_23716.0_2392.0.png,0.9861473645752453,0.9299079016782343
sorghum,rgb2,46.0_23716.0_2422.0.png,0.9870578971057248,0.9132229536771774
sorghum,rgb2,46.0_23716.0_2505.0.png,0.9905337219497405,1.012327719014138
sorghum,rgb2,46.0_23716.0_2555.0.png,0.9907986384700129,0.9119555670768023
soybean,rgb2,53.0_24396.0_3338.0.png,0.9838294654944219,0.9305291059426963
soybean,rgb2,53.0_24396.0_3348.0.png,0.9838028202260155,0.8923784112557769
soybean,rgb2,53.0_24396.0_3363.0.png,0.9827235445481209,0.9679620340466499
soybean,rgb2,53.0_24396.0_3385.0.png,0.9920661069453087,0.891673288308084
soybean,rgb2,53.0_24396.0_3393.0.png,0.9904506876105218,0.9119273046962917
soybean,rgb2,53.0_24396.0_3426.0.png,0.9929118166369257,0.911397251766175
soybean,rgb2,53.0_24396.0_3436.0.png,0.9923036721764684,0.9352518357336521
soybean,rgb2,53.0_24396.0_3454.0.png,0.9926787249227076,0.9021306410431862
soybean,rgb2,53.0_24396.0_3464.0.png,0.9859029590765249,0.9520465498790145
soybean,rgb2,53.0_24396.0_3482.0.png,0.9902118661750846,0.8931609010323882
soybean,rgb2,53.0_24399.0_3338.0.png,0.9766162310869069,0.9351768628694117
soybean,rgb2,53.0_24399.0_3348.0.png,0.9711026186489664,0.918939801864326
soybean,rgb2,53.0_24399.0_3363.0.png,0.984116712747867,0.9273951407521963
soybean,rgb2,53.0_24399.0_3385.0.png,0.991852417721926,0.8875624150969088
soybean,rgb2,53.0_24399.0_3393.0.png,0.9861647075738305,0.9811311629600823
soybean,rgb2,53.0_24399.0_3426.0.png,0.9910002771851912,0.9058977826498449
soybean,rgb2,53.0_24399.0_3436.0.png,0.9898295877914269,0.9412437048740685
soybean,rgb2,53.0_24399.0_3454.0.png,0.9910125306429522,0.8850919841788709
soybean,rgb2,53.0_24399.0_3464.0.png,0.9920037587412279,0.9579094061627984
soybean,rgb2,53.0_24399.0_3482.0.png,0.9924386029861523,0.9094520332291722
soybean,rgb2,53.0_24411.0_3343.0.png,0.9736867736694792,0.9299120879732072
soybean,rgb2,53.0_24411.0_3353.0.png,0.9759665422186025,0.9221398127265275
soybean,rgb2,53.0_24411.0_3368.0.png,0.9821596496930156,0.9267554907128215
soybean,rgb2,53.0_24411.0_3390.0.png,0.9888551914361534,0.9049414247274399
soybean,rgb2,53.0_24411.0_3393.0.png,0.9909223933640069,0.9410996218211949
soybean,rgb2,53.0_24411.0_3431.0.png,0.9914322083243217,0.8992376513779163
soybean,rgb2,53.0_24411.0_3441.0.png,0.9890076826085192,0.9117041206918657
soybean,rgb2,53.0_24411.0_3459.0.png,0.9906430126431459,0.9126781728118658
soybean,rgb2,53.0_24411.0_3469.0.png,0.9914533463351753,0.9356503179296851
soybean,rgb2,53.0_24411.0_3486.0.png,0.9900392149944522,0.8815556480549276
soybean,rgb2,53.0_24417.0_3343.0.png,0.9768311931255037,0.9520270619541407
soybean,rgb2,53.0_24417.0_3353.0.png,0.9824770970109367,0.9014282021671534
soybean,rgb2,53.0_24417.0_3368.0.png,0.9866734531291789,0.91920544533059
soybean,rgb2,53.0_24417.0_3390.0.png,0.9904200737111967,0.9137720111757517
soybean,rgb2,53.0_24417.0_3393.0.png,0.9928347352933061,0.9509998108260334
soybean,rgb2,53.0_24417.0_3431.0.png,0.9899597818529252,0.8917294843122363
soybean,rgb2,53.0_24417.0_3441.0.png,0.9862187219323235,0.9521104013547301
soybean,rgb2,53.0_24417.0_3459.0.png,0.9901652272945457,0.9156837961636484
soybean,rgb2,53.0_24417.0_3469.0.png,0.9907215063644103,0.9218536131083965
soybean,rgb2,53.0_24417.0_3486.0.png,0.9925317919075161,0.9119500359520316
soybean,rgb2,53.0_24419.0_3343.0.png,0.9829635777894646,0.9197134748101234
soybean,rgb2,53.0_24419.0_3353.0.png,0.9787736400403326,0.9035547222010791
soybean,rgb2,53.0_24419.0_3368.0.png,0.9822855285829579,0.9583102930337191
soybean,rgb2,53.0_24419.0_3390.0.png,0.9897425187579795,0.90616409573704
soybean,rgb2,53.0_24419.0_3393.0.png,0.9875191365163417,0.9137787939980626
soybean,rgb2,53.0_24419.0_3431.0.png,0.9927578245042418,0.9066353067755699
soybean,rgb2,53.0_24419.0_3441.0.png,0.9886517446039488,0.9459495511837304
soybean,rgb2,53.0_24419.0_3459.0.png,0.987647049765957,0.9116065059788525
soybean,rgb2,53.0_24419.0_3469.0.png,0.9904124454289164,0.9571641962975264
soybean,rgb2,53.0_24419.0_3486.0.png,0.9893361611830356,0.8758731633424759
soybean,rgb2,53.0_24426.0_3310.0.png,2.699055329905788e-10,0.9249115432612598
soybean,rgb2,53.0_24426.0_3319.0.png,0.7017691660064913,0.9083789931610227
soybean,rgb2,53.0_24426.0_3338.0.png,0.9808735837807031,0.9430636852048337
soybean,rgb2,53.0_24426.0_3363.0.png,0.9872001861378747,0.881665054243058
soybean,rgb2,53.0_24426.0_3385.0.png,0.9907053255562693,0.9576895600184798
soybean,rgb2,53.0_24426.0_3414.0.png,0.99151637760018,0.9017727919854224
soybean,rgb2,53.0_24426.0_3436.0.png,0.9892504524965727,0.9115210948511958
soybean,rgb2,53.0_24426.0_3454.0.png,0.9903167845215957,0.926627897657454
soybean,rgb2,53.0_24426.0_3474.0.png,0.9921570718531186,0.9181200619786978
soybean,rgb2,53.0_24426.0_3510.0.png,0.9865483777884718,0.8961673625744879
soybean,rgb2,53.0_24438.0_3338.0.png,0.8845870508331712,0.9604101129807532
soybean,rgb2,53.0_24438.0_3348.0.png,0.9471234481711316,0.905113389249891
soybean,rgb2,53.0_24438.0_3363.0.png,0.9758407298703071,0.9128818782046437
soybean,rgb2,53.0_24438.0_3385.0.png,0.9862110696250551,0.908109834883362
soybean,rgb2,53.0_24438.0_3393.0.png,0.9875480006913719,0.9353463621810079
soybean,rgb2,53.0_24438.0_3426.0.png,0.9872266847368873,0.8817116715945303
soybean,rgb2,53.0_24438.0_3436.0.png,0.982677438606004,0.9695427101105452
soybean,rgb2,53.0_24438.0_3454.0.png,0.9852567925018824,0.8903711941093206
soybean,rgb2,53.0_24438.0_3464.0.png,0.9885320563910075,0.9136523441411555
soybean,rgb2,53.0_24438.0_3482.0.png,0.985517589438712,0.9215559079311788
soybean,rgb2,53.0_24444.0_3343.0.png,0.9754459279843374,0.9524657009169459
soybean,rgb2,53.0_24444.0_3353.0.png,0.9782796644876371,0.8969980338588357
soybean,rgb2,53.0_24444.0_3368.0.png,0.9861383361328493,0.9348423597402871
soybean,rgb2,53.0_24444.0_3390.0.png,0.9905631292157043,0.8970752800814807
soybean,rgb2,53.0_24444.0_3393.0.png,0.9899136664679176,0.919682155828923
soybean,rgb2,53.0_24444.0_3431.0.png,0.98852361735738,0.9250459270551801
soybean,rgb2,53.0_24444.0_3441.0.png,0.98124820382646,0.9080054271034896
soybean,rgb2,53.0_24444.0_3459.0.png,0.9887165958246742,0.8838240052573383
soybean,rgb2,53.0_24444.0_3469.0.png,0.9899409524044357,0.9494344396516681
soybean,rgb2,53.0_24444.0_3486.0.png,0.9877923325388727,0.8979453556239605
soybean,rgb2,53.0_24448.0_3314.0.png,4.782400762896987e-10,0.9037747271358967
soybean,rgb2,53.0_24448.0_3322.0.png,0.8189266009179964,0.897412396967411
soybean,rgb2,53.0_24448.0_3343.0.png,0.9640635380808114,1.002110930159688
soybean,rgb2,53.0_24448.0_3368.0.png,0.986061814731546,0.8937075827270746
soybean,rgb2,53.0_24448.0_3390.0.png,0.989276369537589,0.952499695122242
soybean,rgb2,53.0_24448.0_3420.0.png,0.9837223284511951,0.8851675363257527
soybean,rgb2,53.0_24448.0_3441.0.png,0.983800687538259,0.942982551176101
soybean,rgb2,53.0_24448.0_3459.0.png,0.9886718359422345,0.9168932819738984
soybean,rgb2,53.0_24448.0_3478.0.png,0.9898009164079192,0.9246839922852814
soybean,rgb2,53.0_24448.0_3510.0.png,0.993635882166497,0.9088393929414451
soybean,rgb2,53.0_24454.0_3314.0.png,5.83430571421569e-10,0.9286647490225732
soybean,rgb2,53.0_24454.0_3322.0.png,0.7009465336785692,0.9002463570795953
soybean,rgb2,53.0_24454.0_3343.0.png,0.9854306651880671,0.9580128998495638
soybean,rgb2,53.0_24454.0_3368.0.png,0.9890974179911018,0.9106917958706617
soybean,rgb2,53.0_24454.0_3390.0.png,0.9867745334087213,0.906382807996124
soybean,rgb2,53.0_24454.0_3420.0.png,0.9852389070731362,0.9056840878911316
soybean,rgb2,53.0_24454.0_3441.0.png,0.9829615647517068,0.9409757372923195
soybean,rgb2,53.0_24454.0_3459.0.png,0.9888854613086315,0.8916960302740335
soybean,rgb2,53.0_24454.0_3478.0.png,0.9914794884517963,0.9573964038863778
soybean,rgb2,53.0_24454.0_3510.0.png,0.9924117116970206,0.8778507597744465
sorghum,rgb2-rhizo,59.0_24924.0_4059.0.png,2.277904322829375e-09,0.9266028590500355
sorghum,rgb2-rhizo,59.0_24924.0_4067.0.png,0.9187260611827102,0.9074984481558204
sorghum,rgb2-rhizo,59.0_24924.0_4092.0.png,0.9423161818813175,0.9244153741747141
sorghum,rgb2-rhizo,59.0_24924.0_4111.0.png,0.9765413949515842,0.8770338669419289
sorghum,rgb2-rhizo,59.0_24924.0_4139.0.png,0.9803662050949357,0.9621736970730126
sorghum,rgb2-rhizo,59.0_24924.0_4259.0.png,0.9817799513164123,0.8694577510468662
sorghum,rgb2-rhizo,59.0_24924.0_4297.0.png,0.9854855348854386,0.9303421000950038
sorghum,rgb2-rhizo,59.0_24924.0_4326.0.png,0.984127029787012,0.9098218306899071
sorghum,rgb2-rhizo,59.0_24924.0_4362.0.png,0.9830489135274971,0.9224661579355597
sorghum,rgb2-rhizo,59.0_24924.0_4550.0.png,0.9886739158528359,0.8951331367716193
sorghum,rgb2-rhizo,59.0_24928.0_4059.0.png,2.3612750879902537e-10,0.9575248160399497
sorghum,rgb2-rhizo,59.0_24928.0_4092.0.png,0.8367271151873267,0.8910259120166302
sorghum,rgb2-rhizo,59.0_24928.0_4139.0.png,0.870264573745902,0.9053055117838085
sorghum,rgb2-rhizo,59.0_24928.0_4304.0.png,0.9669605811695244,0.9246238181367517
sorghum,rgb2-rhizo,59.0_24928.0_4550.0.png,0.9764042398985858,0.9188514836132526
sorghum,rgb2-rhizo,59.0_24929.0_4059.0.png,8.857395917752527e-10,0.9858440919779241
sorghum,rgb2-rhizo,59.0_24929.0_4067.0.png,0.8538528334709913,0.9545418666675687
sorghum,rgb2-rhizo,59.0_24929.0_4092.0.png,0.9574073203970609,0.8891135659068823
sorghum,rgb2-rhizo,59.0_24929.0_4111.0.png,0.9687758495361181,0.9162789601832628
sorghum,rgb2-rhizo,59.0_24929.0_4139.0.png,0.9803436356901296,0.916511959861964
sorghum,rgb2-rhizo,59.0_24929.0_4267.0.png,0.9865966696743743,0.9226630497723818
sorghum,rgb2-rhizo,59.0_24929.0_4304.0.png,0.9880052646576141,0.8808814198710024
sorghum,rgb2-rhizo,59.0_24929.0_4336.0.png,0.9822997650229979,0.9628127841278911
sorghum,rgb2-rhizo,59.0_24929.0_4370.0.png,0.9854296561423213,0.8889151713810861
sorghum,rgb2-rhizo,59.0_24929.0_4550.0.png,0.9892617532444024,0.9265252132900059
sorghum,rgb2-rhizo,59.0_24932.0_4059.0.png,3.3200531197476583e-10,0.9063314511440694
sorghum,rgb2-rhizo,59.0_24932.0_4067.0.png,0.7028981763856539,0.9076137156225741
sorghum,rgb2-rhizo,59.0_24932.0_4088.0.png,0.947462299336591,0.9331628829240799
sorghum,rgb2-rhizo,59.0_24932.0_4111.0.png,0.9019881784013437,0.9201250714249909
sorghum,rgb2-rhizo,59.0_24932.0_4135.0.png,0.9233508389916312,0.9092989410273731
sorghum,rgb2-rhizo,59.0_24932.0_4267.0.png,0.9697010469125383,0.9305901490151882
sorghum,rgb2-rhizo,59.0_24932.0_4297.0.png,0.9725321507403194,0.8942688233219087
sorghum,rgb2-rhizo,59.0_24932.0_4336.0.png,0.9729706978795587,0.9175889273174107
sorghum,rgb2-rhizo,59.0_24932.0_4362.0.png,0.979761917680416,0.9293446829542518
sorghum,rgb2-rhizo,59.0_24932.0_4550.0.png,0.9857719832178172,0.907446850091219
sorghum,rgb2-rhizo,59.0_24933.0_4059.0.png,2.9498524986730014e-09,0.9249362582340837
sorghum,rgb2-rhizo,59.0_24933.0_4067.0.png,0.8524552808644804,0.9453816958703101
sorghum,rgb2-rhizo,59.0_24933.0_4088.0.png,0.9719717620754885,0.8907554689794779
sorghum,rgb2-rhizo,59.0_24933.0_4111.0.png,0.9545633657677984,0.9563774061389267
sorghum,rgb2-rhizo,59.0_24933.0_4135.0.png,0.9512207055147639,0.8964528632350266
sorghum,rgb2-rhizo,59.0_24933.0_4267.0.png,0.9781261818165862,0.9213106529787183
sorghum,rgb2-rhizo,59.0_24933.0_4297.0.png,0.9839658553466861,0.8903775648213923
sorghum,rgb2-rhizo,59.0_24933.0_4336.0.png,0.9818059552949894,0.9685808797366917
sorghum,rgb2-rhizo,59.0_24933.0_4362.0.png,0.9834342631126192,0.8864557598717511
sorghum,rgb2-rhizo,59.0_24933.0_4550.0.png,0.9812407185905819,0.9126827488653362
sorghum,rgb2-rhizo,59.0_24934.0_4059.0.png,2.8248587562641644e-10,0.931508103851229
sorghum,rgb2-rhizo,59.0_24934.0_4067.0.png,0.8329033828263371,0.9335998189635575
sorghum,rgb2-rhizo,59.0_24934.0_4088.0.png,0.9382470119536557,0.8916177609935403
sorghum,rgb2-rhizo,59.0_24934.0_4111.0.png,0.9591221135847814,0.9159138081595302
sorghum,rgb2-rhizo,59.0_24934.0_4135.0.png,0.9797649927533434,0.992513972800225
sorghum,rgb2-rhizo,59.0_24934.0_4267.0.png,0.9894702958579982,0.9231944638304412
sorghum,rgb2-rhizo,59.0_24934.0_4297.0.png,0.9909056940068814,0.911603769287467
sorghum,rgb2-rhizo,59.0_24934.0_4336.0.png,0.9862343748088879,0.929268048144877
sorghum,rgb2-rhizo,59.0_24934.0_4362.0.png,0.9889840626869315,0.8897728119045496
sorghum,rgb2-rhizo,59.0_24934.0_4550.0.png,0.988251377732452,0.9580988408997655
sorghum,rgb2-rhizo,59.0_24935.0_4059.0.png,4.01606424089934e-09,0.8973259730264544
sorghum,rgb2-rhizo,59.0_24935.0_4067.0.png,0.8905689722257498,0.9121021521277726
sorghum,rgb2-rhizo,59.0_24935.0_4088.0.png,0.9513610237514543,0.9141451348550618
sorghum,rgb2-rhizo,59.0_24935.0_4111.0.png,0.9420816088174573,0.9372012582607567
sorghum,rgb2-rhizo,59.0_24935.0_4135.0.png,0.9529200779734437,0.8865220351144671
sorghum,rgb2-rhizo,59.0_24935.0_4267.0.png,0.9817667023983069,0.9661695710383356
sorghum,rgb2-rhizo,59.0_24935.0_4297.0.png,0.9829149717234229,0.8923757220618427
sorghum,rgb2-rhizo,59.0_24935.0_4336.0.png,0.9870705125083872,0.9216136052273214
sorghum,rgb2-rhizo,59.0_24935.0_4362.0.png,0.9873060596304645,0.9179676617495716
sorghum,rgb2-rhizo,59.0_24935.0_4550.0.png,0.9814925715054309,0.9440150209702551
sorghum,rgb2-rhizo,59.0_24938.0_4059.0.png,9.107468115566968e-10,0.8946875939145684
sorghum,rgb2-rhizo,59.0_24938.0_4088.0.png,0.9522209387814687,0.951234410982579
sorghum,rgb2-rhizo,59.0_24938.0_4135.0.png,0.9325556691332941,0.905851683113724
sorghum,rgb2-rhizo,59.0_24938.0_4297.0.png,0.9821842579683308,0.9152747998014092
sorghum,rgb2-rhizo,59.0_24938.0_4550.0.png,0.9813430758615038,0.8963282969780266
sorghum,rgb2-rhizo,59.0_24939.0_4059.0.png,2.680965140265509e-09,0.9353040703572333
sorghum,rgb2-rhizo,59.0_24939.0_4088.0.png,0.8966025227911303,0.894522160757333
sorghum,rgb2-rhizo,59.0_24939.0_4135.0.png,0.9670087976544068,0.9598932331427932
sorghum,rgb2-rhizo,59.0_24939.0_4297.0.png,0.9812051151418917,0.9051420609466732
sorghum,rgb2-rhizo,59.0_24939.0_4550.0.png,0.9838312945670561,0.9312196378596127
sorghum,rgb2-rhizo,59.0_24940.0_4059.0.png,3.3898304969836253e-09,0.9092895528301597
sorghum,rgb2-rhizo,59.0_24940.0_4067.0.png,0.8334451151476678,0.9367516171187162
sorghum,rgb2-rhizo,59.0_24940.0_4088.0.png,0.8061671366125043,0.8802358391694725
sorghum,rgb2-rhizo,59.0_24940.0_4111.0.png,0.9049634737521348,0.974663239903748
sorghum,rgb2-rhizo,59.0_24940.0_4135.0.png,0.9202798028417024,0.9023927329108119
sorghum,rgb2-rhizo,59.0_24940.0_4267.0.png,0.9810074591167792,0.9321324131451547
sorghum,rgb2-rhizo,59.0_24940.0_4297.0.png,0.9798567082346489,1.1075895940884948
sorghum,rgb2-rhizo,59.0_24940.0_4336.0.png,0.9833218455059378,0.934707302134484
sorghum,rgb2-rhizo,59.0_24940.0_4362.0.png,0.9815189934158304,0.923642931971699
sorghum,rgb2-rhizo,59.0_24940.0_4550.0.png,0.9815774445314247,0.924058607313782
sorghum,rgb2-rhizo,59.0_24942.0_4059.0.png,6.134969321389589e-10,0.894843609072268
sorghum,rgb2-rhizo,59.0_24942.0_4088.0.png,0.8781719316495228,0.9670670772902668
sorghum,rgb2-rhizo,59.0_24942.0_4135.0.png,0.8629814353053831,0.8929138700477779
sorghum,rgb2-rhizo,59.0_24942.0_4297.0.png,0.9346857292660494,0.9071823679842055
sorghum,rgb2-rhizo,59.0_24942.0_4550.0.png,0.9446367751414012,0.9304996663704515
sorghum,rgb2-rhizo,59.0_24943.0_4059.0.png,2.644103648163907e-10,0.9296343298628926
sorghum,rgb2-rhizo,59.0_24943.0_4067.0.png,0.7437126631946521,0.8961115656420588
sorghum,rgb2-rhizo,59.0_24943.0_4088.0.png,0.820696721319826,0.9573644706979394
sorghum,rgb2-rhizo,59.0_24943.0_4111.0.png,0.8925458928290123,0.8956909109838307
sorghum,rgb2-rhizo,59.0_24943.0_4135.0.png,0.9356937186756357,0.9199975687079132
sorghum,rgb2-rhizo,59.0_24943.0_4259.0.png,0.9744268617430257,0.9244414521381259
sorghum,rgb2-rhizo,59.0_24943.0_4297.0.png,0.9758624009893433,0.9365491340868175
sorghum,rgb2-rhizo,59.0_24943.0_4336.0.png,0.9764386012735581,0.8810065262950957
sorghum,rgb2-rhizo,59.0_24943.0_4362.0.png,0.9742975521324072,0.9655787730589509
sorghum,rgb2-rhizo,59.0_24943.0_4550.0.png,0.9795174658416116,0.9102419619448483
